-- ингридиенты
INSERT INTO ингредиент (название, стоимость, количество_мл) VALUES ('эспрессо', 60, 60);
INSERT INTO ингредиент (название, стоимость, количество_мл) VALUES ('шоколажная крошка', 10, 1);
INSERT INTO ингредиент (название, стоимость, количество_мл) VALUES ('вафельная посыпка', 10, 0.1);
INSERT INTO ингредиент (название, стоимость, количество_мл) VALUES ('малиновый сироп', 20, 1);
INSERT INTO ингредиент (название, стоимость, количество_мл) VALUES ('миндальный сироп', 20, 1);
INSERT INTO ингредиент (название, стоимость, количество_мл) VALUES ('шоколадный сироп', 20, 1);
INSERT INTO ингредиент (название, стоимость, количество_мл) VALUES ('клубничный сироп', 20, 1);
INSERT INTO ингредиент (название, стоимость, количество_мл) VALUES ('банановый сироп', 20, 1);
INSERT INTO ингредиент (название, стоимость, количество_мл) VALUES ('яблочный сироп', 20, 1);
INSERT INTO ингредиент (название, стоимость, количество_мл) VALUES ('ванильный сироп', 20, 1);
INSERT INTO ингредиент (название, стоимость, количество_мл) VALUES ('имбирный сироп', 20, 1);
INSERT INTO ингредиент (название, стоимость, количество_мл) VALUES ('лавандовый сироп', 20, 1);
INSERT INTO ингредиент (название, стоимость, количество_мл) VALUES ('мятный сироп', 20, 1);
INSERT INTO ингредиент (название, стоимость, количество_мл) VALUES ('карамельный сироп', 20, 1);
INSERT INTO ингредиент (название, стоимость, количество_мл) VALUES ('сгущеное молоко', 20, 1);
INSERT INTO ингредиент (название, стоимость, количество_мл) VALUES ('ликер', 50, 1);
INSERT INTO ингредиент (название, стоимость, количество_мл) VALUES ('молоко', 20, 1);
INSERT INTO ингредиент (название, стоимость, количество_мл) VALUES ('взбитые сливки', 20, 1);
INSERT INTO ингредиент (название, стоимость, количество_мл) VALUES ('кокосовое молоко', 50, 1);
INSERT INTO ингредиент (название, стоимость, количество_мл) VALUES ('миндальное молоко', 50, 1);
INSERT INTO ингредиент (название, стоимость, количество_мл) VALUES ('овсяное молоко', 50, 1);
INSERT INTO ингредиент (название, стоимость, количество_мл) VALUES ('корица', 10, 0.1);
INSERT INTO ингредиент (название, стоимость, количество_мл) VALUES ('мускатный орех', 10, 0.1);
INSERT INTO ингредиент (название, стоимость, количество_мл) VALUES ('тертый имбирь', 10, 0.1);
INSERT INTO ингредиент (название, стоимость, количество_мл) VALUES ('гвоздика', 10, 0.1);
INSERT INTO ингредиент (название, стоимость, количество_мл) VALUES ('мороженое', 30, 20);
INSERT INTO ингредиент (название, стоимость, количество_мл) VALUES ('маршмеллоу', 20, 0.1);
INSERT INTO ингредиент (название, стоимость, количество_мл) VALUES ('кленовый сироп', 20, 1);
-- несколько адресов
INSERT INTO адрес (страна, субъект, муниципальный_район, поселение, населенный_пункт, планировочная_структура, улица, номер_земельного_участка, номер_здания, номер_помещения) VALUES ('Российская Федерация', 'АДЫГЕЯ РЕСП', '', 'МАЙКОП Г', '', 'ГАГАРИНА УЛ', '7', '', '', '17');
INSERT INTO адрес (страна, субъект, муниципальный_район, поселение, населенный_пункт, планировочная_структура, улица, номер_земельного_участка, номер_здания, номер_помещения) VALUES ('Российская Федерация', 'АДЫГЕЯ РЕСП', '', 'МАЙКОП Г', '', 'ЖУКОВСКОГО УЛ', '38', '', '', '10');
INSERT INTO адрес (страна, субъект, муниципальный_район, поселение, населенный_пункт, планировочная_структура, улица, номер_земельного_участка, номер_здания, номер_помещения) VALUES ('Российская Федерация', 'АДЫГЕЯ РЕСП', '', 'МАЙКОП Г', '', 'ЖУКОВСКОГО УЛ', '31', '', '', '11');
INSERT INTO адрес (страна, субъект, муниципальный_район, поселение, населенный_пункт, планировочная_структура, улица, номер_земельного_участка, номер_здания, номер_помещения) VALUES ('Российская Федерация', 'АДЫГЕЯ РЕСП', '', 'МАЙКОП Г', '', 'КИРОВА УЛ', '113', '', '', '11');
INSERT INTO адрес (страна, субъект, муниципальный_район, поселение, населенный_пункт, планировочная_структура, улица, номер_земельного_участка, номер_здания, номер_помещения) VALUES ('Российская Федерация', 'АДЫГЕЯ РЕСП', '', 'МАЙКОП Г', '', 'КРАСНООКТЯБРЬСКАЯ УЛ', '21', '', '', '16');
INSERT INTO адрес (страна, субъект, муниципальный_район, поселение, населенный_пункт, планировочная_структура, улица, номер_земельного_участка, номер_здания, номер_помещения) VALUES ('Российская Федерация', 'АДЫГЕЯ РЕСП', '', 'МАЙКОП Г', '', 'КРЕСТЬЯНСКАЯ УЛ', '236', '', '', '15');
INSERT INTO адрес (страна, субъект, муниципальный_район, поселение, населенный_пункт, планировочная_структура, улица, номер_земельного_участка, номер_здания, номер_помещения) VALUES ('Российская Федерация', 'АДЫГЕЯ РЕСП', '', 'МАЙКОП Г', '', 'ПРИВОКЗАЛЬНАЯ УЛ', '106', '', '', '11');
INSERT INTO адрес (страна, субъект, муниципальный_район, поселение, населенный_пункт, планировочная_структура, улица, номер_земельного_участка, номер_здания, номер_помещения) VALUES ('Российская Федерация', 'АДЫГЕЯ РЕСП', '', 'МАЙКОП Г', '', 'ПРОЛЕТАРСКАЯ УЛ', '269', '', '', '10');
INSERT INTO адрес (страна, субъект, муниципальный_район, поселение, населенный_пункт, планировочная_структура, улица, номер_земельного_участка, номер_здания, номер_помещения) VALUES ('Российская Федерация', 'АДЫГЕЯ РЕСП', '', 'МАЙКОП Г', '', 'ЮННАТОВ УЛ', '9', '', '', '16');
INSERT INTO адрес (страна, субъект, муниципальный_район, поселение, населенный_пункт, планировочная_структура, улица, номер_земельного_участка, номер_здания, номер_помещения) VALUES ('Российская Федерация', 'АДЫГЕЯ РЕСП', 'КОШЕХАБЛЬСКИЙ Р-Н', '', 'КОШЕХАБЛЬ АУЛ', 'ДРУЖБЫ НАРОДОВ УЛ', '56', '', '', '16');
INSERT INTO адрес (страна, субъект, муниципальный_район, поселение, населенный_пункт, планировочная_структура, улица, номер_земельного_участка, номер_здания, номер_помещения) VALUES ('Российская Федерация', 'АДЫГЕЯ РЕСП', 'ТАХТАМУКАЙСКИЙ Р-Н', '', 'ЯБЛОНОВСКИЙ ПГТ', 'ЛЕНИНА УЛ', '39', 'А', '', '11');
INSERT INTO адрес (страна, субъект, муниципальный_район, поселение, населенный_пункт, планировочная_структура, улица, номер_земельного_участка, номер_здания, номер_помещения) VALUES ('Российская Федерация', 'АДЫГЕЯ РЕСП', 'ШОВГЕНОВСКИЙ Р-Н', '', 'ХАКУРИНОХАБЛЬ АУЛ', 'ШОВГЕНОВА УЛ', '9', '', '', '10');
INSERT INTO адрес (страна, субъект, муниципальный_район, поселение, населенный_пункт, планировочная_структура, улица, номер_земельного_участка, номер_здания, номер_помещения) VALUES ('Российская Федерация', 'АДЫГЕЯ РЕСП', 'ГИАГИНСКИЙ Р-Н', '', 'ГИАГИНСКАЯ СТ-ЦА', 'КООПЕРАТИВНАЯ УЛ', '35', '', '', '10');
INSERT INTO адрес (страна, субъект, муниципальный_район, поселение, населенный_пункт, планировочная_структура, улица, номер_земельного_участка, номер_здания, номер_помещения) VALUES ('Российская Федерация', 'БАШКОРТОСТАН РЕСП', '', 'УФА Г', '', 'ЦВЕТОЧНАЯ УЛ', '3/3', '', '', '10');
INSERT INTO адрес (страна, субъект, муниципальный_район, поселение, населенный_пункт, планировочная_структура, улица, номер_земельного_участка, номер_здания, номер_помещения) VALUES ('Российская Федерация', 'БАШКОРТОСТАН РЕСП', '', 'УФА Г', '', 'КРАЙНЯЯ УЛ', '4', '', '', '11');
INSERT INTO адрес (страна, субъект, муниципальный_район, поселение, населенный_пункт, планировочная_структура, улица, номер_земельного_участка, номер_здания, номер_помещения) VALUES ('Российская Федерация', 'БАШКОРТОСТАН РЕСП', '', 'УФА Г', '', 'ПРИШКОЛЬНАЯ УЛ', '23', '', '', '11');
INSERT INTO адрес (страна, субъект, муниципальный_район, поселение, населенный_пункт, планировочная_структура, улица, номер_земельного_участка, номер_здания, номер_помещения) VALUES ('Российская Федерация', 'БАШКОРТОСТАН РЕСП', '', 'УФА Г', '', 'ЛЕВЧЕНКО УЛ', '2', '', '', '10');
INSERT INTO адрес (страна, субъект, муниципальный_район, поселение, населенный_пункт, планировочная_структура, улица, номер_земельного_участка, номер_здания, номер_помещения) VALUES ('Российская Федерация', 'БАШКОРТОСТАН РЕСП', '', 'УФА Г', '', 'КАНДРИНСКАЯ УЛ', '2', '', '', '10');
INSERT INTO адрес (страна, субъект, муниципальный_район, поселение, населенный_пункт, планировочная_структура, улица, номер_земельного_участка, номер_здания, номер_помещения) VALUES ('Российская Федерация', 'БАШКОРТОСТАН РЕСП', '', 'УФА Г', '', 'ЛЕНИНА УЛ', '26', '', '', '10');
INSERT INTO адрес (страна, субъект, муниципальный_район, поселение, населенный_пункт, планировочная_структура, улица, номер_земельного_участка, номер_здания, номер_помещения) VALUES ('Российская Федерация', 'БАШКОРТОСТАН РЕСП', '', 'УФА Г', '', 'ЛЕНИНА УЛ', '28', '', '', '10');
-- пара кофеен
INSERT INTO кофейня (id_адреса, телефон) VALUES (1, +30530587991);
INSERT INTO кофейня (id_адреса, телефон) VALUES (2, +60008762470);
INSERT INTO кофейня (id_адреса, телефон) VALUES (3, +28489695803);
INSERT INTO кофейня (id_адреса, телефон) VALUES (4, +49334319639);
INSERT INTO кофейня (id_адреса, телефон) VALUES (5, +42589680126);
INSERT INTO кофейня (id_адреса, телефон) VALUES (6, +52667755820);
INSERT INTO кофейня (id_адреса, телефон) VALUES (7, +56978423462);
INSERT INTO кофейня (id_адреса, телефон) VALUES (8, +22530090169);
INSERT INTO кофейня (id_адреса, телефон) VALUES (9, +59184299319);
INSERT INTO кофейня (id_адреса, телефон) VALUES (10, +90169833765);
INSERT INTO кофейня (id_адреса, телефон) VALUES (11, +85138659334);
INSERT INTO кофейня (id_адреса, телефон) VALUES (12, +89227132528);
INSERT INTO кофейня (id_адреса, телефон) VALUES (13, +03523558517);
INSERT INTO кофейня (id_адреса, телефон) VALUES (14, +29633098831);
INSERT INTO кофейня (id_адреса, телефон) VALUES (15, +87420727382);
INSERT INTO кофейня (id_адреса, телефон) VALUES (16, +37812555439);
INSERT INTO кофейня (id_адреса, телефон) VALUES (17, +56989952776);
INSERT INTO кофейня (id_адреса, телефон) VALUES (18, +52986940140);
INSERT INTO кофейня (id_адреса, телефон) VALUES (19, +09351135792);
INSERT INTO кофейня (id_адреса, телефон) VALUES (20, +90131732320);
-- роли
INSERT INTO роль (название) VALUES ('ROLE_CUSTOMER');
INSERT INTO роль (название) VALUES ('ROLE_BARISTA');
INSERT INTO роль (название) VALUES ('ROLE_ADMIN');
-- клиенты
INSERT INTO клиент (имя, фамилия, пол, дата_рождения, email, id_адреса, телефон, пароль) VALUES ('Нахум', 'Пятигорец', 'M', '1982-01-17', 'BUecowUZjACgvfLmqam@mail.ru', 2, '+33503059261', '');
INSERT INTO клиент (имя, фамилия, пол, дата_рождения, email, id_адреса, телефон, пароль) VALUES ('Зуль', 'Кулихин', 'M', '1984-10-07', 'gUljPDrgqI@gmail.com', 2, '+96848014250', '');
INSERT INTO клиент (имя, фамилия, пол, дата_рождения, email, id_адреса, телефон, пароль) VALUES ('Данияль', 'Циглер', 'M', '1965-08-12', 'XqkLroqeuZTmbgNH@mail.com', 2, '+48660668678', '');
INSERT INTO клиент (имя, фамилия, пол, дата_рождения, email, id_адреса, телефон, пароль) VALUES ('Нарсис', 'Аллавердова', 'F', '1976-04-24', 'FFpPNPOGHODBgxSEZS@gmail.ua', 2, '+18438430488', '');
INSERT INTO клиент (имя, фамилия, пол, дата_рождения, email, id_адреса, телефон, пароль) VALUES ('Оксён', 'Трупач', 'M', '1964-02-11', 'yTHRAUuK@gmail.ua', 2, '+53881377818', '');
INSERT INTO клиент (имя, фамилия, пол, дата_рождения, email, id_адреса, телефон, пароль) VALUES ('Оханна', 'Брынский', 'M', '2000-04-15', 'sKPKyMQApHSWxnw@mail.com', 2, '+69001608185', '');
INSERT INTO клиент (имя, фамилия, пол, дата_рождения, email, id_адреса, телефон, пароль) VALUES ('Мажит', 'Шотин', 'M', '2008-08-19', 'nkPeZWhMyK@yandex.ru', 2, '+59161691948', '');
INSERT INTO клиент (имя, фамилия, пол, дата_рождения, email, id_адреса, телефон, пароль) VALUES ('Радион', 'Фардеев', 'M', '1992-01-20', 'ynRqjM@mail.com', 2, '+23498824993', '');
INSERT INTO клиент (имя, фамилия, пол, дата_рождения, email, id_адреса, телефон, пароль) VALUES ('Мярт', 'Ений', 'M', '1990-02-15', 'ECNGbylRQyLeWdEdeRFrEtIM@gmail.ru', 2, '+34226910742', '');
INSERT INTO клиент (имя, фамилия, пол, дата_рождения, email, id_адреса, телефон, пароль) VALUES ('Годолюб', 'Курносикова', 'M', '1997-09-19', 'dmoubhPsb@gmail.ru', 2, '+72203686244', '');
INSERT INTO клиент (имя, фамилия, пол, дата_рождения, email, id_адреса, телефон, пароль) VALUES ('Масира', 'Гашумова', 'M', '1994-01-02', 'vQCjFHxyEDyutSIiuCMBxC@yandex.ru', 2, '+04746669614', '');
INSERT INTO клиент (имя, фамилия, пол, дата_рождения, email, id_адреса, телефон, пароль) VALUES ('Обейда', 'Даютова', 'M', '1972-06-23', 'zKQDYKWIDA@mail.com', 2, '+76274991229', '');
INSERT INTO клиент (имя, фамилия, пол, дата_рождения, email, id_адреса, телефон, пароль) VALUES ('Бексли', 'Капишевский', 'F', '1981-01-21', 'ihQbyFucCWKe@gmail.ru', 2, '+05925702126', '');
INSERT INTO клиент (имя, фамилия, пол, дата_рождения, email, id_адреса, телефон, пароль) VALUES ('Бэйкер', 'Бабчин', 'F', '1948-01-27', 'pPdhTrN@yandex.com', 2, '+99542677529', '');
INSERT INTO клиент (имя, фамилия, пол, дата_рождения, email, id_адреса, телефон, пароль) VALUES ('Сангали', 'Пагаева', 'F', '1949-01-16', 'IHvMBaNiAgxsLmlomd@gmail.ru', 2, '+79737866272', '');
INSERT INTO клиент (имя, фамилия, пол, дата_рождения, email, id_адреса, телефон, пароль) VALUES ('Венор', 'Липнягова', 'M', '1987-05-17', 'WjdrUKJDecrJhCLtfwgl@mail.ru', 2, '+21066972165', '');
INSERT INTO клиент (имя, фамилия, пол, дата_рождения, email, id_адреса, телефон, пароль) VALUES ('Умм', 'Ананьин-Ярцева', 'F', '1997-08-22', 'MFwgYpHYon@mail.ua', 2, '+80015994818', '');
INSERT INTO клиент (имя, фамилия, пол, дата_рождения, email, id_адреса, телефон, пароль) VALUES ('Азизами', 'Эйдеман', 'M', '1990-11-21', 'VDMFZSBKUxuLnjei@gmail.ua', 2, '+84996805891', '');
INSERT INTO клиент (имя, фамилия, пол, дата_рождения, email, id_адреса, телефон, пароль) VALUES ('Битта', 'Хозяйкина', 'M', '1952-04-03', 'uxWYTnyNjyPHhrfE@yandex.com', 2, '+40978067943', '');
INSERT INTO клиент (имя, фамилия, пол, дата_рождения, email, id_адреса, телефон, пароль) VALUES ('Ювентин', 'Рыляева', 'M', '1986-05-25', 'hdYrgOy@yandex.ua', 2, '+61410480666', '');
-- десерты, надеюсь, сработает...
INSERT INTO товар (название, стоимость) VALUES ('Буше', 100);
INSERT INTO товар (название, стоимость) VALUES ('Карамельный пудинг', 100);
INSERT INTO товар (название, стоимость) VALUES ('Марципан', 100);
INSERT INTO товар (название, стоимость) VALUES ('Маффин', 100);
INSERT INTO товар (название, стоимость) VALUES ('Сметанник', 100);
INSERT INTO товар (название, стоимость) VALUES ('Чизкейк', 100);
INSERT INTO товар (название, стоимость) VALUES ('Шоколадный фондан', 100);
INSERT INTO товар (название, стоимость) VALUES ('Шарлотка', 100);
INSERT INTO товар (название, стоимость) VALUES ('Брауни', 100);
INSERT INTO товар (название, стоимость) VALUES ('Ромовая баба', 100);
INSERT INTO товар (название, стоимость) VALUES ('Тирамису', 100);
INSERT INTO товар (название, стоимость) VALUES ('Штрудель', 100);
INSERT INTO товар (название, стоимость) VALUES ('Эклер', 100);
INSERT INTO десерт (id_товара, калории, вес) VALUES (1, 200, 150);
INSERT INTO десерт (id_товара, калории, вес) VALUES (2, 300, 150);
INSERT INTO десерт (id_товара, калории, вес) VALUES (3, 182, 150);
INSERT INTO десерт (id_товара, калории, вес) VALUES (4, 330, 150);
INSERT INTO десерт (id_товара, калории, вес) VALUES (5, 224, 150);
INSERT INTO десерт (id_товара, калории, вес) VALUES (6, 199, 150);
INSERT INTO десерт (id_товара, калории, вес) VALUES (7, 231, 150);
INSERT INTO десерт (id_товара, калории, вес) VALUES (8, 231, 150);
INSERT INTO десерт (id_товара, калории, вес) VALUES (9, 341, 150);
INSERT INTO десерт (id_товара, калории, вес) VALUES (10, 261, 150);
INSERT INTO десерт (id_товара, калории, вес) VALUES (11, 342, 150);
INSERT INTO десерт (id_товара, калории, вес) VALUES (12, 322, 150);
INSERT INTO десерт (id_товара, калории, вес) VALUES (13, 247, 150);
-- кофе
INSERT INTO товар (название, стоимость) VALUES ('Эспрессо', 60);
INSERT INTO товар (название, стоимость) VALUES ('Капучино', 70);
INSERT INTO товар (название, стоимость) VALUES ('Американо', 60);
INSERT INTO товар (название, стоимость) VALUES ('Латте', 70);
INSERT INTO товар (название, стоимость) VALUES ('Раф', 80);
INSERT INTO товар (название, стоимость) VALUES ('Лунго', 70);
INSERT INTO товар (название, стоимость) VALUES ('Лече лече', 80);
INSERT INTO товар (название, стоимость) VALUES ('Баракито', 100);
INSERT INTO кофе (id_товара, тип, состояние, id_автора) VALUES (14, 's', 'опубликовано', 1);
INSERT INTO кофе (id_товара, тип, состояние, id_автора) VALUES (15, 's', 'редакция', 2);
INSERT INTO кофе (id_товара, тип, состояние, id_автора) VALUES (16, 's', 'скрыто', 3);
INSERT INTO кофе (id_товара, тип, состояние, id_автора) VALUES (17, 's', 'скрыто', 4);
INSERT INTO кофе (id_товара, тип, состояние, id_автора) VALUES (18, 's', 'редакция', 5);
INSERT INTO кофе (id_товара, тип, состояние, id_автора) VALUES (19, 's', 'скрыто', 6);
INSERT INTO кофе (id_товара, тип, состояние, id_автора) VALUES (20, 's', 'опубликовано', 7);
INSERT INTO кофе (id_товара, тип, состояние, id_автора) VALUES (21, 's', 'опубликовано', 8);
-- комопоненты кофе
INSERT INTO компонент_кофе (id_кофе, id_ингредиента, количество, порядок_добавления) VALUES (14, 1, 1, 0);
INSERT INTO компонент_кофе (id_кофе, id_ингредиента, количество, порядок_добавления) VALUES (14, 13, 5, 1);
INSERT INTO компонент_кофе (id_кофе, id_ингредиента, количество, порядок_добавления) VALUES (14, 3, 8, 2);
INSERT INTO компонент_кофе (id_кофе, id_ингредиента, количество, порядок_добавления) VALUES (14, 21, 6, 3);
INSERT INTO компонент_кофе (id_кофе, id_ингредиента, количество, порядок_добавления) VALUES (14, 25, 9, 4);
INSERT INTO компонент_кофе (id_кофе, id_ингредиента, количество, порядок_добавления) VALUES (14, 8, 5, 5);
INSERT INTO компонент_кофе (id_кофе, id_ингредиента, количество, порядок_добавления) VALUES (15, 1, 1, 0);
INSERT INTO компонент_кофе (id_кофе, id_ингредиента, количество, порядок_добавления) VALUES (15, 11, 9, 1);
INSERT INTO компонент_кофе (id_кофе, id_ингредиента, количество, порядок_добавления) VALUES (15, 11, 7, 2);
INSERT INTO компонент_кофе (id_кофе, id_ингредиента, количество, порядок_добавления) VALUES (16, 1, 2, 0);
INSERT INTO компонент_кофе (id_кофе, id_ингредиента, количество, порядок_добавления) VALUES (16, 14, 2, 1);
INSERT INTO компонент_кофе (id_кофе, id_ингредиента, количество, порядок_добавления) VALUES (16, 22, 3, 2);
INSERT INTO компонент_кофе (id_кофе, id_ингредиента, количество, порядок_добавления) VALUES (16, 15, 7, 3);
INSERT INTO компонент_кофе (id_кофе, id_ингредиента, количество, порядок_добавления) VALUES (16, 5, 8, 4);
INSERT INTO компонент_кофе (id_кофе, id_ингредиента, количество, порядок_добавления) VALUES (16, 22, 6, 5);
INSERT INTO компонент_кофе (id_кофе, id_ингредиента, количество, порядок_добавления) VALUES (16, 23, 8, 6);
INSERT INTO компонент_кофе (id_кофе, id_ингредиента, количество, порядок_добавления) VALUES (17, 1, 1, 0);
INSERT INTO компонент_кофе (id_кофе, id_ингредиента, количество, порядок_добавления) VALUES (17, 14, 3, 1);
INSERT INTO компонент_кофе (id_кофе, id_ингредиента, количество, порядок_добавления) VALUES (17, 26, 1, 2);
INSERT INTO компонент_кофе (id_кофе, id_ингредиента, количество, порядок_добавления) VALUES (17, 15, 3, 3);
INSERT INTO компонент_кофе (id_кофе, id_ингредиента, количество, порядок_добавления) VALUES (17, 26, 3, 4);
INSERT INTO компонент_кофе (id_кофе, id_ингредиента, количество, порядок_добавления) VALUES (17, 21, 6, 5);
INSERT INTO компонент_кофе (id_кофе, id_ингредиента, количество, порядок_добавления) VALUES (18, 1, 2, 0);
INSERT INTO компонент_кофе (id_кофе, id_ингредиента, количество, порядок_добавления) VALUES (18, 25, 8, 1);
INSERT INTO компонент_кофе (id_кофе, id_ингредиента, количество, порядок_добавления) VALUES (19, 1, 1, 0);
INSERT INTO компонент_кофе (id_кофе, id_ингредиента, количество, порядок_добавления) VALUES (19, 13, 7, 1);
INSERT INTO компонент_кофе (id_кофе, id_ингредиента, количество, порядок_добавления) VALUES (20, 1, 2, 0);
INSERT INTO компонент_кофе (id_кофе, id_ингредиента, количество, порядок_добавления) VALUES (20, 25, 9, 1);
INSERT INTO компонент_кофе (id_кофе, id_ингредиента, количество, порядок_добавления) VALUES (20, 16, 7, 2);
INSERT INTO компонент_кофе (id_кофе, id_ингредиента, количество, порядок_добавления) VALUES (20, 15, 4, 3);
INSERT INTO компонент_кофе (id_кофе, id_ингредиента, количество, порядок_добавления) VALUES (20, 6, 8, 4);
INSERT INTO компонент_кофе (id_кофе, id_ингредиента, количество, порядок_добавления) VALUES (20, 22, 5, 5);
INSERT INTO компонент_кофе (id_кофе, id_ингредиента, количество, порядок_добавления) VALUES (20, 27, 2, 6);
INSERT INTO компонент_кофе (id_кофе, id_ингредиента, количество, порядок_добавления) VALUES (21, 1, 1, 0);
INSERT INTO компонент_кофе (id_кофе, id_ингредиента, количество, порядок_добавления) VALUES (21, 20, 3, 1);
INSERT INTO компонент_кофе (id_кофе, id_ингредиента, количество, порядок_добавления) VALUES (21, 3, 6, 2);
INSERT INTO компонент_кофе (id_кофе, id_ингредиента, количество, порядок_добавления) VALUES (21, 8, 2, 3);
INSERT INTO компонент_кофе (id_кофе, id_ингредиента, количество, порядок_добавления) VALUES (21, 8, 3, 4);
