-- ингридиенты
INSERT INTO ингредиент (название, стоимость, количество_мл) VALUES ('эспрессо', 60, 60);
INSERT INTO ингредиент (название, стоимость, количество_мл) VALUES ('шоколажная крошка', 10, 1);
INSERT INTO ингредиент (название, стоимость, количество_мл) VALUES ('вафельная посыпка', 10, 0.1);
INSERT INTO ингредиент (название, стоимость, количество_мл) VALUES ('малиновый сироп', 20, 1);
INSERT INTO ингредиент (название, стоимость, количество_мл) VALUES ('миндальный сироп', 20, 1);
INSERT INTO ингредиент (название, стоимость, количество_мл) VALUES ('шоколадный сироп', 20, 1);
INSERT INTO ингредиент (название, стоимость, количество_мл) VALUES ('клубничный сироп', 20, 1);
INSERT INTO ингредиент (название, стоимость, количество_мл) VALUES ('банановый сироп', 20, 1);
INSERT INTO ингредиент (название, стоимость, количество_мл) VALUES ('яблочный сироп', 20, 1);
INSERT INTO ингредиент (название, стоимость, количество_мл) VALUES ('ванильный сироп', 20, 1);
INSERT INTO ингредиент (название, стоимость, количество_мл) VALUES ('имбирный сироп', 20, 1);
INSERT INTO ингредиент (название, стоимость, количество_мл) VALUES ('лавандовый сироп', 20, 1);
INSERT INTO ингредиент (название, стоимость, количество_мл) VALUES ('мятный сироп', 20, 1);
INSERT INTO ингредиент (название, стоимость, количество_мл) VALUES ('карамельный сироп', 20, 1);
INSERT INTO ингредиент (название, стоимость, количество_мл) VALUES ('сгущеное молоко', 20, 1);
INSERT INTO ингредиент (название, стоимость, количество_мл) VALUES ('ликер', 50, 1);
INSERT INTO ингредиент (название, стоимость, количество_мл) VALUES ('молоко', 20, 1);
INSERT INTO ингредиент (название, стоимость, количество_мл) VALUES ('взбитые сливки', 20, 1);
INSERT INTO ингредиент (название, стоимость, количество_мл) VALUES ('кокосовое молоко', 50, 1);
INSERT INTO ингредиент (название, стоимость, количество_мл) VALUES ('миндальное молоко', 50, 1);
INSERT INTO ингредиент (название, стоимость, количество_мл) VALUES ('овсяное молоко', 50, 1);
INSERT INTO ингредиент (название, стоимость, количество_мл) VALUES ('корица', 10, 0.1);
INSERT INTO ингредиент (название, стоимость, количество_мл) VALUES ('мускатный орех', 10, 0.1);
INSERT INTO ингредиент (название, стоимость, количество_мл) VALUES ('тертый имбирь', 10, 0.1);
INSERT INTO ингредиент (название, стоимость, количество_мл) VALUES ('гвоздика', 10, 0.1);
INSERT INTO ингредиент (название, стоимость, количество_мл) VALUES ('мороженое', 30, 20);
INSERT INTO ингредиент (название, стоимость, количество_мл) VALUES ('маршмеллоу', 20, 0.1);
INSERT INTO ингредиент (название, стоимость, количество_мл) VALUES ('кленовый сироп', 20, 1);
-- несколько адресов
INSERT INTO адрес (страна, субъект, муниципальный_район, поселение, населенный_пункт, планировочная_структура, улица, номер_земельного_участка, номер_здания, номер_помещения) VALUES ('Российская Федерация', 'АДЫГЕЯ РЕСП', '', 'МАЙКОП Г', '', 'ГАГАРИНА УЛ', '7', '', '', '17');
INSERT INTO адрес (страна, субъект, муниципальный_район, поселение, населенный_пункт, планировочная_структура, улица, номер_земельного_участка, номер_здания, номер_помещения) VALUES ('Российская Федерация', 'АДЫГЕЯ РЕСП', '', 'МАЙКОП Г', '', 'ЖУКОВСКОГО УЛ', '38', '', '', '10');
INSERT INTO адрес (страна, субъект, муниципальный_район, поселение, населенный_пункт, планировочная_структура, улица, номер_земельного_участка, номер_здания, номер_помещения) VALUES ('Российская Федерация', 'АДЫГЕЯ РЕСП', '', 'МАЙКОП Г', '', 'ЖУКОВСКОГО УЛ', '31', '', '', '11');
INSERT INTO адрес (страна, субъект, муниципальный_район, поселение, населенный_пункт, планировочная_структура, улица, номер_земельного_участка, номер_здания, номер_помещения) VALUES ('Российская Федерация', 'АДЫГЕЯ РЕСП', '', 'МАЙКОП Г', '', 'КИРОВА УЛ', '113', '', '', '11');
INSERT INTO адрес (страна, субъект, муниципальный_район, поселение, населенный_пункт, планировочная_структура, улица, номер_земельного_участка, номер_здания, номер_помещения) VALUES ('Российская Федерация', 'АДЫГЕЯ РЕСП', '', 'МАЙКОП Г', '', 'КРАСНООКТЯБРЬСКАЯ УЛ', '21', '', '', '16');
INSERT INTO адрес (страна, субъект, муниципальный_район, поселение, населенный_пункт, планировочная_структура, улица, номер_земельного_участка, номер_здания, номер_помещения) VALUES ('Российская Федерация', 'АДЫГЕЯ РЕСП', '', 'МАЙКОП Г', '', 'КРЕСТЬЯНСКАЯ УЛ', '236', '', '', '15');
INSERT INTO адрес (страна, субъект, муниципальный_район, поселение, населенный_пункт, планировочная_структура, улица, номер_земельного_участка, номер_здания, номер_помещения) VALUES ('Российская Федерация', 'АДЫГЕЯ РЕСП', '', 'МАЙКОП Г', '', 'ПРИВОКЗАЛЬНАЯ УЛ', '106', '', '', '11');
INSERT INTO адрес (страна, субъект, муниципальный_район, поселение, населенный_пункт, планировочная_структура, улица, номер_земельного_участка, номер_здания, номер_помещения) VALUES ('Российская Федерация', 'АДЫГЕЯ РЕСП', '', 'МАЙКОП Г', '', 'ПРОЛЕТАРСКАЯ УЛ', '269', '', '', '10');
INSERT INTO адрес (страна, субъект, муниципальный_район, поселение, населенный_пункт, планировочная_структура, улица, номер_земельного_участка, номер_здания, номер_помещения) VALUES ('Российская Федерация', 'АДЫГЕЯ РЕСП', '', 'МАЙКОП Г', '', 'ЮННАТОВ УЛ', '9', '', '', '16');
INSERT INTO адрес (страна, субъект, муниципальный_район, поселение, населенный_пункт, планировочная_структура, улица, номер_земельного_участка, номер_здания, номер_помещения) VALUES ('Российская Федерация', 'АДЫГЕЯ РЕСП', 'КОШЕХАБЛЬСКИЙ Р-Н', '', 'КОШЕХАБЛЬ АУЛ', 'ДРУЖБЫ НАРОДОВ УЛ', '56', '', '', '16');
INSERT INTO адрес (страна, субъект, муниципальный_район, поселение, населенный_пункт, планировочная_структура, улица, номер_земельного_участка, номер_здания, номер_помещения) VALUES ('Российская Федерация', 'АДЫГЕЯ РЕСП', 'ТАХТАМУКАЙСКИЙ Р-Н', '', 'ЯБЛОНОВСКИЙ ПГТ', 'ЛЕНИНА УЛ', '39', 'А', '', '11');
INSERT INTO адрес (страна, субъект, муниципальный_район, поселение, населенный_пункт, планировочная_структура, улица, номер_земельного_участка, номер_здания, номер_помещения) VALUES ('Российская Федерация', 'АДЫГЕЯ РЕСП', 'ШОВГЕНОВСКИЙ Р-Н', '', 'ХАКУРИНОХАБЛЬ АУЛ', 'ШОВГЕНОВА УЛ', '9', '', '', '10');
INSERT INTO адрес (страна, субъект, муниципальный_район, поселение, населенный_пункт, планировочная_структура, улица, номер_земельного_участка, номер_здания, номер_помещения) VALUES ('Российская Федерация', 'АДЫГЕЯ РЕСП', 'ГИАГИНСКИЙ Р-Н', '', 'ГИАГИНСКАЯ СТ-ЦА', 'КООПЕРАТИВНАЯ УЛ', '35', '', '', '10');
INSERT INTO адрес (страна, субъект, муниципальный_район, поселение, населенный_пункт, планировочная_структура, улица, номер_земельного_участка, номер_здания, номер_помещения) VALUES ('Российская Федерация', 'БАШКОРТОСТАН РЕСП', '', 'УФА Г', '', 'ЦВЕТОЧНАЯ УЛ', '3/3', '', '', '10');
INSERT INTO адрес (страна, субъект, муниципальный_район, поселение, населенный_пункт, планировочная_структура, улица, номер_земельного_участка, номер_здания, номер_помещения) VALUES ('Российская Федерация', 'БАШКОРТОСТАН РЕСП', '', 'УФА Г', '', 'КРАЙНЯЯ УЛ', '4', '', '', '11');
INSERT INTO адрес (страна, субъект, муниципальный_район, поселение, населенный_пункт, планировочная_структура, улица, номер_земельного_участка, номер_здания, номер_помещения) VALUES ('Российская Федерация', 'БАШКОРТОСТАН РЕСП', '', 'УФА Г', '', 'ПРИШКОЛЬНАЯ УЛ', '23', '', '', '11');
INSERT INTO адрес (страна, субъект, муниципальный_район, поселение, населенный_пункт, планировочная_структура, улица, номер_земельного_участка, номер_здания, номер_помещения) VALUES ('Российская Федерация', 'БАШКОРТОСТАН РЕСП', '', 'УФА Г', '', 'ЛЕВЧЕНКО УЛ', '2', '', '', '10');
INSERT INTO адрес (страна, субъект, муниципальный_район, поселение, населенный_пункт, планировочная_структура, улица, номер_земельного_участка, номер_здания, номер_помещения) VALUES ('Российская Федерация', 'БАШКОРТОСТАН РЕСП', '', 'УФА Г', '', 'КАНДРИНСКАЯ УЛ', '2', '', '', '10');
INSERT INTO адрес (страна, субъект, муниципальный_район, поселение, населенный_пункт, планировочная_структура, улица, номер_земельного_участка, номер_здания, номер_помещения) VALUES ('Российская Федерация', 'БАШКОРТОСТАН РЕСП', '', 'УФА Г', '', 'ЛЕНИНА УЛ', '26', '', '', '10');
INSERT INTO адрес (страна, субъект, муниципальный_район, поселение, населенный_пункт, планировочная_структура, улица, номер_земельного_участка, номер_здания, номер_помещения) VALUES ('Российская Федерация', 'БАШКОРТОСТАН РЕСП', '', 'УФА Г', '', 'ЛЕНИНА УЛ', '28', '', '', '10');
INSERT INTO адрес (страна, субъект, муниципальный_район, поселение, населенный_пункт, планировочная_структура, улица, номер_земельного_участка, номер_здания, номер_помещения) VALUES ('Российская Федерация', 'БАШКОРТОСТАН РЕСП', '', 'УФА Г', '', 'ЛЕНИНА УЛ', '70', '-', '-', '10');
INSERT INTO адрес (страна, субъект, муниципальный_район, поселение, населенный_пункт, планировочная_структура, улица, номер_земельного_участка, номер_здания, номер_помещения) VALUES ('Российская Федерация', 'БАШКОРТОСТАН РЕСП', '', 'УФА Г', '', 'ЛЕНИНА УЛ', '162', '', '', '10');
INSERT INTO адрес (страна, субъект, муниципальный_район, поселение, населенный_пункт, планировочная_структура, улица, номер_земельного_участка, номер_здания, номер_помещения) VALUES ('Российская Федерация', 'БАШКОРТОСТАН РЕСП', '', 'УФА Г', '', 'ЛЕНИНА УЛ', '13', '', '', '11');
INSERT INTO адрес (страна, субъект, муниципальный_район, поселение, населенный_пункт, планировочная_структура, улица, номер_земельного_участка, номер_здания, номер_помещения) VALUES ('Российская Федерация', 'БАШКОРТОСТАН РЕСП', '', 'УФА Г', '', 'ЛЕНИНА УЛ', '97', '', '', '14');
INSERT INTO адрес (страна, субъект, муниципальный_район, поселение, населенный_пункт, планировочная_структура, улица, номер_земельного_участка, номер_здания, номер_помещения) VALUES ('Российская Федерация', 'БАШКОРТОСТАН РЕСП', '', 'УФА Г', '', 'ЛЕНИНА УЛ', '56', '', '', '17');
INSERT INTO адрес (страна, субъект, муниципальный_район, поселение, населенный_пункт, планировочная_структура, улица, номер_земельного_участка, номер_здания, номер_помещения) VALUES ('Российская Федерация', 'БАШКОРТОСТАН РЕСП', '', 'УФА Г', '', 'СВОБОДЫ УЛ', '86/1', '', '7', '10');
INSERT INTO адрес (страна, субъект, муниципальный_район, поселение, населенный_пункт, планировочная_структура, улица, номер_земельного_участка, номер_здания, номер_помещения) VALUES ('Российская Федерация', 'БАШКОРТОСТАН РЕСП', '', 'УФА Г', '', 'РИХАРДА ЗОРГЕ УЛ', '9', '1', '', '10');
INSERT INTO адрес (страна, субъект, муниципальный_район, поселение, населенный_пункт, планировочная_структура, улица, номер_земельного_участка, номер_здания, номер_помещения) VALUES ('Российская Федерация', 'БАШКОРТОСТАН РЕСП', '', 'УФА Г', '', 'РИХАРДА ЗОРГЕ УЛ', '35', '3', '', '11');
INSERT INTO адрес (страна, субъект, муниципальный_район, поселение, населенный_пункт, планировочная_структура, улица, номер_земельного_участка, номер_здания, номер_помещения) VALUES ('Российская Федерация', 'БАШКОРТОСТАН РЕСП', '', 'УФА Г', '', 'РИХАРДА ЗОРГЕ УЛ', '9', '', '', '12');
INSERT INTO адрес (страна, субъект, муниципальный_район, поселение, населенный_пункт, планировочная_структура, улица, номер_земельного_участка, номер_здания, номер_помещения) VALUES ('Российская Федерация', 'БАШКОРТОСТАН РЕСП', '', 'УФА Г', '', 'СИЛИКАТНАЯ УЛ', '28 Б', '', '31', '10');
-- пара кофеен
INSERT INTO кофейня (id_адреса, телефон) VALUES (1, +11491944613);
INSERT INTO кофейня (id_адреса, телефон) VALUES (2, +71973506310);
INSERT INTO кофейня (id_адреса, телефон) VALUES (3, +29835864338);
INSERT INTO кофейня (id_адреса, телефон) VALUES (4, +29511574352);
INSERT INTO кофейня (id_адреса, телефон) VALUES (5, +64833213548);
-- роли
INSERT INTO роль (название) VALUES ('ROLE_CUSTOMER');
INSERT INTO роль (название) VALUES ('ROLE_BARISTA');
INSERT INTO роль (название) VALUES ('ROLE_ADMIN');
-- клиенты
INSERT INTO клиент (имя, фамилия, пол, дата_рождения, email, id_адреса, телефон, пароль) VALUES ('Кабус', 'Болтнев', 'F', '1993-04-03', 'oeVhdClfgcBTwuS@yandex.ua', 20, '+43604625042', '');
INSERT INTO клиент (имя, фамилия, пол, дата_рождения, email, id_адреса, телефон, пароль) VALUES ('Жакпар', 'Блохнина', 'M', '2015-07-09', 'PrGHPcGCEyFqFe@yandex.ru', 13, '+15197651933', '');
INSERT INTO клиент (имя, фамилия, пол, дата_рождения, email, id_адреса, телефон, пароль) VALUES ('Абду', 'Бугровецкий', 'M', '1998-11-24', 'HvUEVSQqFPuuLCqBpxkvJy@gmail.com', 18, '+96252649954', '');
INSERT INTO клиент (имя, фамилия, пол, дата_рождения, email, id_адреса, телефон, пароль) VALUES ('Асеф', 'Хользов', 'M', '1987-09-08', 'aHSfyaGzLooQ@mail.com', 4, '+61519150383', '');
INSERT INTO клиент (имя, фамилия, пол, дата_рождения, email, id_адреса, телефон, пароль) VALUES ('Леопольдия', 'Комобин', 'M', '2006-09-28', 'eZqREJixoDYBKwvzbi@yandex.ua', 7, '+70134911486', '');
INSERT INTO клиент (имя, фамилия, пол, дата_рождения, email, id_адреса, телефон, пароль) VALUES ('Ленуш', 'Косычин', 'F', '2029-06-26', 'rvhWrhHfWBACGGmhPOfqAD@mail.ru', 8, '+08400796094', '');
INSERT INTO клиент (имя, фамилия, пол, дата_рождения, email, id_адреса, телефон, пароль) VALUES ('Айтулы', 'Сикоренко', 'M', '2013-10-18', 'VVPrJobSMRrKXs@yandex.com', 18, '+16754996977', '');
INSERT INTO клиент (имя, фамилия, пол, дата_рождения, email, id_адреса, телефон, пароль) VALUES ('Ариге', 'Шмаренков', 'F', '1988-01-10', 'rLfRcckWXYtStBMnsLxt@mail.ru', 10, '+15140082594', '');
INSERT INTO клиент (имя, фамилия, пол, дата_рождения, email, id_адреса, телефон, пароль) VALUES ('Мантрея', 'Манпова', 'M', '2011-12-03', 'iThgyNcgbthfvZFZ@yandex.ru', 17, '+58949530316', '');
INSERT INTO клиент (имя, фамилия, пол, дата_рождения, email, id_адреса, телефон, пароль) VALUES ('Пастор', 'Щелин', 'F', '2027-07-09', 'ujKZApKeoehmVYtVZ@yandex.ua', 10, '+48977192266', '');
INSERT INTO клиент (имя, фамилия, пол, дата_рождения, email, id_адреса, телефон, пароль) VALUES ('Винун', 'Халендарова', 'F', '1962-10-16', 'GwtPFqQSDDglUHxCTbuMwDBg@yandex.com', 6, '+07650303909', '');
INSERT INTO клиент (имя, фамилия, пол, дата_рождения, email, id_адреса, телефон, пароль) VALUES ('Делкяш', 'Сгибнов', 'M', '1996-10-24', 'qgyLQxwWDwaiqFvBsDBSnzI@gmail.ua', 7, '+60519918785', '');
INSERT INTO клиент (имя, фамилия, пол, дата_рождения, email, id_адреса, телефон, пароль) VALUES ('Жарред', 'Емашова', 'M', '1998-12-31', 'OMMFxKcNwbwqqHhrepaeGO@yandex.ru', 13, '+40204783136', '');
INSERT INTO клиент (имя, фамилия, пол, дата_рождения, email, id_адреса, телефон, пароль) VALUES ('Татардай', 'Нечетная', 'F', '1975-05-18', 'uAyWlQHHeuNYUHFSu@mail.ua', 10, '+56261271092', '');
INSERT INTO клиент (имя, фамилия, пол, дата_рождения, email, id_адреса, телефон, пароль) VALUES ('Максимилльян', 'Арнапова', 'M', '1966-12-03', 'lhnihPfHPx@yandex.ru', 20, '+48477341957', '');
INSERT INTO клиент (имя, фамилия, пол, дата_рождения, email, id_адреса, телефон, пароль) VALUES ('Агадия', 'Идиятова', 'M', '1964-07-04', 'bKaLcWOSivOU@yandex.ru', 5, '+58211211985', '');
INSERT INTO клиент (имя, фамилия, пол, дата_рождения, email, id_адреса, телефон, пароль) VALUES ('Енс', 'Вечерин', 'F', '2000-12-22', 'HVWSiIbvDCtnATLQu@gmail.ua', 17, '+39181656572', '');
INSERT INTO клиент (имя, фамилия, пол, дата_рождения, email, id_адреса, телефон, пароль) VALUES ('Айзан', 'Кованин', 'F', '1995-09-26', 'SIfNbqJlKjRCQWOXtSYx@mail.ua', 11, '+04804092581', '');
INSERT INTO клиент (имя, фамилия, пол, дата_рождения, email, id_адреса, телефон, пароль) VALUES ('Рудик', 'Вашлаев', 'M', '1974-09-09', 'hElCnqhC@gmail.com', 9, '+66793533286', '');
INSERT INTO клиент (имя, фамилия, пол, дата_рождения, email, id_адреса, телефон, пароль) VALUES ('Альбдульраззак', 'Седихин', 'M', '1997-11-29', 'cqBSRgqjPqyFimH@yandex.ua', 1, '+00528942017', '');
INSERT INTO клиент (имя, фамилия, пол, дата_рождения, email, id_адреса, телефон, пароль) VALUES ('Мутиг', 'Калинковский', 'F', '2025-09-03', 'WNkzPuyirITvLAoRqyFZ@gmail.ua', 3, '+34050021055', '');
INSERT INTO клиент (имя, фамилия, пол, дата_рождения, email, id_адреса, телефон, пароль) VALUES ('Ильгиза', 'Малоствова', 'M', '1979-03-22', 'mjBILwjGbPdWDsgTORiwBim@yandex.ru', 6, '+99398155461', '');
INSERT INTO клиент (имя, фамилия, пол, дата_рождения, email, id_адреса, телефон, пароль) VALUES ('Остап', 'Мандрыгин', 'F', '1969-03-25', 'MPCWZH@gmail.ua', 3, '+65143241848', '');
INSERT INTO клиент (имя, фамилия, пол, дата_рождения, email, id_адреса, телефон, пароль) VALUES ('Мазай', 'Иванышин', 'F', '2018-08-24', 'bAUjFTYsDRy@mail.ua', 8, '+54671427165', '');
INSERT INTO клиент (имя, фамилия, пол, дата_рождения, email, id_адреса, телефон, пароль) VALUES ('Амрам', 'Аниковская', 'F', '2006-08-20', 'GxQtVgSqPSLUTioTzcJo@yandex.ru', 16, '+43771806911', '');
INSERT INTO клиент (имя, фамилия, пол, дата_рождения, email, id_адреса, телефон, пароль) VALUES ('Идина', 'Шимов', 'M', '1995-08-29', 'lkyDOyvGoDePBaXPlwoH@yandex.com', 18, '+17650056578', '');
INSERT INTO клиент (имя, фамилия, пол, дата_рождения, email, id_адреса, телефон, пароль) VALUES ('Ябалак', 'Шаймярдянова', 'F', '2011-01-21', 'wjcVpoPBoFNTsj@mail.ua', 10, '+66021587001', '');
INSERT INTO клиент (имя, фамилия, пол, дата_рождения, email, id_адреса, телефон, пароль) VALUES ('Ашхан', 'Видова', 'F', '2003-06-23', 'JGWBCCjNiDjvWErblbg@gmail.com', 1, '+28204751572', '');
INSERT INTO клиент (имя, фамилия, пол, дата_рождения, email, id_адреса, телефон, пароль) VALUES ('Энико', 'Левкодимова', 'M', '2023-11-14', 'ektcQ@yandex.ru', 10, '+93966431534', '');
INSERT INTO клиент (имя, фамилия, пол, дата_рождения, email, id_адреса, телефон, пароль) VALUES ('Чепа', 'Митури-Хлебникова', 'M', '1998-04-07', 'LllMjDnfdiQFKxfoGVC@gmail.com', 6, '+09978849382', '');
INSERT INTO клиент (имя, фамилия, пол, дата_рождения, email, id_адреса, телефон, пароль) VALUES ('Коу', 'Кирюкин', 'M', '1967-06-06', 'EmSvPzcBgemZGj@gmail.com', 2, '+27266640565', '');
INSERT INTO клиент (имя, фамилия, пол, дата_рождения, email, id_адреса, телефон, пароль) VALUES ('Лаврения', 'Харланин', 'F', '1994-06-01', 'vHQHSutpYIAyjtfpxmLSGQxy@mail.ua', 7, '+25978252394', '');
INSERT INTO клиент (имя, фамилия, пол, дата_рождения, email, id_адреса, телефон, пароль) VALUES ('Цветомил', 'Балан', 'M', '1970-04-16', 'gMGCfeMzZsRbEBPg@gmail.ru', 13, '+00874273418', '');
INSERT INTO клиент (имя, фамилия, пол, дата_рождения, email, id_адреса, телефон, пароль) VALUES ('Ханипат', 'Корсаков', 'M', '2018-04-26', 'WMyzftKf@yandex.ua', 17, '+53476113194', '');
INSERT INTO клиент (имя, фамилия, пол, дата_рождения, email, id_адреса, телефон, пароль) VALUES ('Радиса', 'Краснонос', 'M', '1967-03-06', 'LVLGOYjOSXSwyJWwgHSnKT@gmail.com', 12, '+74548735583', '');
INSERT INTO клиент (имя, фамилия, пол, дата_рождения, email, id_адреса, телефон, пароль) VALUES ('Абдуссатар', 'Шлепанова', 'F', '2015-01-14', 'jbjxjSmNGvYojKnaXI@gmail.ua', 11, '+93869139754', '');
INSERT INTO клиент (имя, фамилия, пол, дата_рождения, email, id_адреса, телефон, пароль) VALUES ('Мэтти', 'Гольденгорн', 'M', '2011-11-05', 'acNXBdTTVPqoV@gmail.ua', 6, '+37372539137', '');
INSERT INTO клиент (имя, фамилия, пол, дата_рождения, email, id_адреса, телефон, пароль) VALUES ('Рубинда', 'Габидулина', 'F', '1960-12-01', 'YabjEZhXyVqA@mail.com', 6, '+44981805906', '');
INSERT INTO клиент (имя, фамилия, пол, дата_рождения, email, id_адреса, телефон, пароль) VALUES ('Макайла', 'Вышемирский', 'M', '1984-08-09', 'ARuLtJXLjw@yandex.ua', 4, '+19063478560', '');
INSERT INTO клиент (имя, фамилия, пол, дата_рождения, email, id_адреса, телефон, пароль) VALUES ('Албир', 'Брылева', 'M', '1987-03-29', 'xlLWXD@gmail.ru', 20, '+65432972293', '');
INSERT INTO клиент (имя, фамилия, пол, дата_рождения, email, id_адреса, телефон, пароль) VALUES ('Фаний', 'Гнехдилова', 'M', '1983-01-16', 'lEzIWlfOZqPYDFa@gmail.ru', 8, '+14255338459', '');
INSERT INTO клиент (имя, фамилия, пол, дата_рождения, email, id_адреса, телефон, пароль) VALUES ('Чэгги', 'Рубелев', 'M', '2005-06-13', 'WLYtPTnhJWaSBta@mail.com', 3, '+14805013212', '');
INSERT INTO клиент (имя, фамилия, пол, дата_рождения, email, id_адреса, телефон, пароль) VALUES ('Леора', 'Пановко', 'M', '1966-03-22', 'HpGCEscAIGSLH@mail.com', 6, '+92076820108', '');
INSERT INTO клиент (имя, фамилия, пол, дата_рождения, email, id_адреса, телефон, пароль) VALUES ('Охара', 'Лишак', 'M', '2004-03-25', 'rxtOWmYzOfhOCzEVudqF@mail.ru', 3, '+68528394106', '');
INSERT INTO клиент (имя, фамилия, пол, дата_рождения, email, id_адреса, телефон, пароль) VALUES ('Одара', 'Скалозубова', 'F', '1963-10-13', 'LJyGNgxkk@mail.com', 3, '+43180122938', '');
INSERT INTO клиент (имя, фамилия, пол, дата_рождения, email, id_адреса, телефон, пароль) VALUES ('Саидвалий', 'Когарко', 'F', '1966-10-04', 'MFncDneWACvNbSSjg@gmail.ua', 8, '+89683657817', '');
INSERT INTO клиент (имя, фамилия, пол, дата_рождения, email, id_адреса, телефон, пароль) VALUES ('Дараб', 'Кулямзина', 'F', '2015-03-02', 'feRnHLvXIeHqUkiWYfinH@gmail.com', 5, '+67934900969', '');
INSERT INTO клиент (имя, фамилия, пол, дата_рождения, email, id_адреса, телефон, пароль) VALUES ('Абдрашит', 'Гартвих', 'M', '2013-01-18', 'nxDuFFpQdRossuaeuRZpnp@yandex.ru', 11, '+15046300652', '');
INSERT INTO клиент (имя, фамилия, пол, дата_рождения, email, id_адреса, телефон, пароль) VALUES ('Авигдор', 'Рыжухин', 'F', '1961-06-16', 'ZFpaXqckfJtGsJE@yandex.ru', 1, '+94934604662', '');
INSERT INTO клиент (имя, фамилия, пол, дата_рождения, email, id_адреса, телефон, пароль) VALUES ('Зухайл', 'Колганихин', 'F', '1974-04-11', 'yzbNannzRvfW@gmail.ru', 4, '+03845549709', '');
INSERT INTO клиент (имя, фамилия, пол, дата_рождения, email, id_адреса, телефон, пароль) VALUES ('Улияна', 'Заленяева', 'M', '1963-08-30', 'fScaiacoyKI@yandex.ru', 8, '+10594606984', '');
-- десерты, надеюсь, сработает...
INSERT INTO товар (название, стоимость) VALUES ('Буше', 100);
INSERT INTO товар (название, стоимость) VALUES ('Карамельный пудинг', 100);
INSERT INTO товар (название, стоимость) VALUES ('Марципан', 100);
INSERT INTO товар (название, стоимость) VALUES ('Маффин', 100);
INSERT INTO товар (название, стоимость) VALUES ('Сметанник', 100);
INSERT INTO товар (название, стоимость) VALUES ('Чизкейк', 100);
INSERT INTO товар (название, стоимость) VALUES ('Шоколадный фондан', 100);
INSERT INTO товар (название, стоимость) VALUES ('Шарлотка', 100);
INSERT INTO товар (название, стоимость) VALUES ('Брауни', 100);
INSERT INTO товар (название, стоимость) VALUES ('Ромовая баба', 100);
INSERT INTO товар (название, стоимость) VALUES ('Тирамису', 100);
INSERT INTO товар (название, стоимость) VALUES ('Штрудель', 100);
INSERT INTO товар (название, стоимость) VALUES ('Эклер', 100);
INSERT INTO десерт (id_товара, калории, вес) VALUES (1, 200, 150);
INSERT INTO десерт (id_товара, калории, вес) VALUES (2, 300, 150);
INSERT INTO десерт (id_товара, калории, вес) VALUES (3, 182, 150);
INSERT INTO десерт (id_товара, калории, вес) VALUES (4, 330, 150);
INSERT INTO десерт (id_товара, калории, вес) VALUES (5, 224, 150);
INSERT INTO десерт (id_товара, калории, вес) VALUES (6, 199, 150);
INSERT INTO десерт (id_товара, калории, вес) VALUES (7, 231, 150);
INSERT INTO десерт (id_товара, калории, вес) VALUES (8, 231, 150);
INSERT INTO десерт (id_товара, калории, вес) VALUES (9, 341, 150);
INSERT INTO десерт (id_товара, калории, вес) VALUES (10, 261, 150);
INSERT INTO десерт (id_товара, калории, вес) VALUES (11, 342, 150);
INSERT INTO десерт (id_товара, калории, вес) VALUES (12, 322, 150);
INSERT INTO десерт (id_товара, калории, вес) VALUES (13, 247, 150);
-- кофе
INSERT INTO товар (название, стоимость) VALUES ('Эспрессо', 60);
INSERT INTO товар (название, стоимость) VALUES ('Капучино', 70);
INSERT INTO товар (название, стоимость) VALUES ('Американо', 60);
INSERT INTO товар (название, стоимость) VALUES ('Латте', 70);
INSERT INTO товар (название, стоимость) VALUES ('Раф', 80);
INSERT INTO товар (название, стоимость) VALUES ('Лунго', 70);
INSERT INTO товар (название, стоимость) VALUES ('Лече лече', 80);
INSERT INTO товар (название, стоимость) VALUES ('Баракито', 100);
INSERT INTO кофе (id_товара, тип, состояние, id_автора) VALUES (14, 's', 'PUBLISHED', 37);
INSERT INTO кофе (id_товара, тип, состояние, id_автора) VALUES (15, 's', 'PUBLISHED', 25);
INSERT INTO кофе (id_товара, тип, состояние, id_автора) VALUES (16, 's', 'PUBLISHED', 26);
INSERT INTO кофе (id_товара, тип, состояние, id_автора) VALUES (17, 's', 'PUBLISHED', 16);
INSERT INTO кофе (id_товара, тип, состояние, id_автора) VALUES (18, 's', 'PUBLISHED', 3);
INSERT INTO кофе (id_товара, тип, состояние, id_автора) VALUES (19, 's', 'PUBLISHED', 37);
INSERT INTO кофе (id_товара, тип, состояние, id_автора) VALUES (20, 's', 'PUBLISHED', 20);
INSERT INTO кофе (id_товара, тип, состояние, id_автора) VALUES (21, 's', 'PUBLISHED', 1);
INSERT INTO товар (название, стоимость) VALUES ('фанатичный кофе', 156);
INSERT INTO товар (название, стоимость) VALUES ('фантастический кофе', 139);
INSERT INTO товар (название, стоимость) VALUES ('феноменальный кофе', 242);
INSERT INTO товар (название, стоимость) VALUES ('филигранный кофе', 138);
INSERT INTO товар (название, стоимость) VALUES ('форменный кофе', 244);
INSERT INTO товар (название, стоимость) VALUES ('фундаментальный кофе', 284);
INSERT INTO товар (название, стоимость) VALUES ('хороший кофе', 167);
INSERT INTO товар (название, стоимость) VALUES ('царский кофе', 104);
INSERT INTO товар (название, стоимость) VALUES ('цепенящий кофе', 228);
INSERT INTO товар (название, стоимость) VALUES ('черный кофе', 161);
INSERT INTO товар (название, стоимость) VALUES ('чертов кофе', 247);
INSERT INTO товар (название, стоимость) VALUES ('чертовский кофе', 208);
INSERT INTO товар (название, стоимость) VALUES ('чистый кофе', 196);
INSERT INTO товар (название, стоимость) VALUES ('чрезвычайный кофе', 139);
INSERT INTO товар (название, стоимость) VALUES ('чрезмерный кофе', 92);
INSERT INTO товар (название, стоимость) VALUES ('чудовищный кофе', 98);
INSERT INTO товар (название, стоимость) VALUES ('широкий кофе', 156);
INSERT INTO товар (название, стоимость) VALUES ('широкомасштабный кофе', 110);
INSERT INTO товар (название, стоимость) VALUES ('шквальный кофе', 148);
INSERT INTO товар (название, стоимость) VALUES ('штормовой кофе', 239);
INSERT INTO товар (название, стоимость) VALUES ('шумный кофе', 189);
INSERT INTO товар (название, стоимость) VALUES ('щедрый кофе', 199);
INSERT INTO товар (название, стоимость) VALUES ('щемящий кофе', 228);
INSERT INTO товар (название, стоимость) VALUES ('экстраординарный кофе', 163);
INSERT INTO товар (название, стоимость) VALUES ('экстремальный кофе', 222);
INSERT INTO товар (название, стоимость) VALUES ('ювелирный кофе', 271);
INSERT INTO товар (название, стоимость) VALUES ('ядреный кофе', 101);
INSERT INTO товар (название, стоимость) VALUES ('яркий кофе', 177);
INSERT INTO товар (название, стоимость) VALUES ('ярый кофе', 234);
INSERT INTO кофе (id_товара, тип, состояние, id_автора) VALUES (22, 'u', 'HIDDEN', 12);
INSERT INTO кофе (id_товара, тип, состояние, id_автора) VALUES (23, 'u', 'HIDDEN', 37);
INSERT INTO кофе (id_товара, тип, состояние, id_автора) VALUES (24, 'u', 'HIDDEN', 28);
INSERT INTO кофе (id_товара, тип, состояние, id_автора) VALUES (25, 'u', 'PUBLISHED', 5);
INSERT INTO кофе (id_товара, тип, состояние, id_автора) VALUES (26, 'u', 'HIDDEN', 1);
INSERT INTO кофе (id_товара, тип, состояние, id_автора) VALUES (27, 'u', 'REDACTION', 37);
INSERT INTO кофе (id_товара, тип, состояние, id_автора) VALUES (28, 'u', 'PUBLISHED', 8);
INSERT INTO кофе (id_товара, тип, состояние, id_автора) VALUES (29, 'u', 'REDACTION', 6);
INSERT INTO кофе (id_товара, тип, состояние, id_автора) VALUES (30, 'u', 'HIDDEN', 46);
INSERT INTO кофе (id_товара, тип, состояние, id_автора) VALUES (31, 'u', 'REDACTION', 7);
INSERT INTO кофе (id_товара, тип, состояние, id_автора) VALUES (32, 'u', 'REDACTION', 13);
INSERT INTO кофе (id_товара, тип, состояние, id_автора) VALUES (33, 'u', 'HIDDEN', 38);
INSERT INTO кофе (id_товара, тип, состояние, id_автора) VALUES (34, 'u', 'REDACTION', 10);
INSERT INTO кофе (id_товара, тип, состояние, id_автора) VALUES (35, 'u', 'HIDDEN', 45);
INSERT INTO кофе (id_товара, тип, состояние, id_автора) VALUES (36, 'u', 'PUBLISHED', 4);
INSERT INTO кофе (id_товара, тип, состояние, id_автора) VALUES (37, 'u', 'PUBLISHED', 40);
INSERT INTO кофе (id_товара, тип, состояние, id_автора) VALUES (38, 'u', 'REDACTION', 18);
INSERT INTO кофе (id_товара, тип, состояние, id_автора) VALUES (39, 'u', 'REDACTION', 33);
INSERT INTO кофе (id_товара, тип, состояние, id_автора) VALUES (40, 'u', 'HIDDEN', 26);
INSERT INTO кофе (id_товара, тип, состояние, id_автора) VALUES (41, 'u', 'HIDDEN', 3);
INSERT INTO кофе (id_товара, тип, состояние, id_автора) VALUES (42, 'u', 'HIDDEN', 40);
INSERT INTO кофе (id_товара, тип, состояние, id_автора) VALUES (43, 'u', 'HIDDEN', 28);
INSERT INTO кофе (id_товара, тип, состояние, id_автора) VALUES (44, 'u', 'PUBLISHED', 44);
INSERT INTO кофе (id_товара, тип, состояние, id_автора) VALUES (45, 'u', 'PUBLISHED', 37);
INSERT INTO кофе (id_товара, тип, состояние, id_автора) VALUES (46, 'u', 'REDACTION', 48);
INSERT INTO кофе (id_товара, тип, состояние, id_автора) VALUES (47, 'u', 'REDACTION', 36);
INSERT INTO кофе (id_товара, тип, состояние, id_автора) VALUES (48, 'u', 'REDACTION', 33);
INSERT INTO кофе (id_товара, тип, состояние, id_автора) VALUES (49, 'u', 'HIDDEN', 43);
INSERT INTO кофе (id_товара, тип, состояние, id_автора) VALUES (50, 'u', 'REDACTION', 33);
-- комопоненты кофе
INSERT INTO компонент_кофе (id_кофе, id_ингредиента, количество, порядок_добавления) VALUES (14, 1, 2, 0);
INSERT INTO компонент_кофе (id_кофе, id_ингредиента, количество, порядок_добавления) VALUES (14, 27, 1, 1);
INSERT INTO компонент_кофе (id_кофе, id_ингредиента, количество, порядок_добавления) VALUES (14, 26, 3, 2);
INSERT INTO компонент_кофе (id_кофе, id_ингредиента, количество, порядок_добавления) VALUES (15, 1, 2, 0);
INSERT INTO компонент_кофе (id_кофе, id_ингредиента, количество, порядок_добавления) VALUES (15, 26, 7, 1);
INSERT INTO компонент_кофе (id_кофе, id_ингредиента, количество, порядок_добавления) VALUES (15, 26, 5, 2);
INSERT INTO компонент_кофе (id_кофе, id_ингредиента, количество, порядок_добавления) VALUES (15, 18, 9, 3);
INSERT INTO компонент_кофе (id_кофе, id_ингредиента, количество, порядок_добавления) VALUES (15, 2, 9, 4);
INSERT INTO компонент_кофе (id_кофе, id_ингредиента, количество, порядок_добавления) VALUES (15, 18, 7, 5);
INSERT INTO компонент_кофе (id_кофе, id_ингредиента, количество, порядок_добавления) VALUES (15, 3, 7, 6);
INSERT INTO компонент_кофе (id_кофе, id_ингредиента, количество, порядок_добавления) VALUES (15, 21, 6, 7);
INSERT INTO компонент_кофе (id_кофе, id_ингредиента, количество, порядок_добавления) VALUES (16, 1, 1, 0);
INSERT INTO компонент_кофе (id_кофе, id_ингредиента, количество, порядок_добавления) VALUES (16, 2, 6, 1);
INSERT INTO компонент_кофе (id_кофе, id_ингредиента, количество, порядок_добавления) VALUES (16, 26, 6, 2);
INSERT INTO компонент_кофе (id_кофе, id_ингредиента, количество, порядок_добавления) VALUES (16, 2, 2, 3);
INSERT INTO компонент_кофе (id_кофе, id_ингредиента, количество, порядок_добавления) VALUES (16, 21, 5, 4);
INSERT INTO компонент_кофе (id_кофе, id_ингредиента, количество, порядок_добавления) VALUES (16, 19, 9, 5);
INSERT INTO компонент_кофе (id_кофе, id_ингредиента, количество, порядок_добавления) VALUES (16, 18, 5, 6);
INSERT INTO компонент_кофе (id_кофе, id_ингредиента, количество, порядок_добавления) VALUES (16, 21, 5, 7);
INSERT INTO компонент_кофе (id_кофе, id_ингредиента, количество, порядок_добавления) VALUES (17, 1, 1, 0);
INSERT INTO компонент_кофе (id_кофе, id_ингредиента, количество, порядок_добавления) VALUES (17, 9, 1, 1);
INSERT INTO компонент_кофе (id_кофе, id_ингредиента, количество, порядок_добавления) VALUES (17, 27, 9, 2);
INSERT INTO компонент_кофе (id_кофе, id_ингредиента, количество, порядок_добавления) VALUES (17, 9, 6, 3);
INSERT INTO компонент_кофе (id_кофе, id_ингредиента, количество, порядок_добавления) VALUES (17, 5, 5, 4);
INSERT INTO компонент_кофе (id_кофе, id_ингредиента, количество, порядок_добавления) VALUES (18, 1, 1, 0);
INSERT INTO компонент_кофе (id_кофе, id_ингредиента, количество, порядок_добавления) VALUES (18, 4, 3, 1);
INSERT INTO компонент_кофе (id_кофе, id_ингредиента, количество, порядок_добавления) VALUES (19, 1, 2, 0);
INSERT INTO компонент_кофе (id_кофе, id_ингредиента, количество, порядок_добавления) VALUES (19, 19, 1, 1);
INSERT INTO компонент_кофе (id_кофе, id_ингредиента, количество, порядок_добавления) VALUES (19, 23, 1, 2);
INSERT INTO компонент_кофе (id_кофе, id_ингредиента, количество, порядок_добавления) VALUES (19, 8, 9, 3);
INSERT INTO компонент_кофе (id_кофе, id_ингредиента, количество, порядок_добавления) VALUES (19, 5, 9, 4);
INSERT INTO компонент_кофе (id_кофе, id_ингредиента, количество, порядок_добавления) VALUES (19, 20, 3, 5);
INSERT INTO компонент_кофе (id_кофе, id_ингредиента, количество, порядок_добавления) VALUES (19, 21, 9, 6);
INSERT INTO компонент_кофе (id_кофе, id_ингредиента, количество, порядок_добавления) VALUES (19, 17, 9, 7);
INSERT INTO компонент_кофе (id_кофе, id_ингредиента, количество, порядок_добавления) VALUES (19, 25, 9, 8);
INSERT INTO компонент_кофе (id_кофе, id_ингредиента, количество, порядок_добавления) VALUES (20, 1, 1, 0);
INSERT INTO компонент_кофе (id_кофе, id_ингредиента, количество, порядок_добавления) VALUES (20, 8, 2, 1);
INSERT INTO компонент_кофе (id_кофе, id_ингредиента, количество, порядок_добавления) VALUES (20, 26, 1, 2);
INSERT INTO компонент_кофе (id_кофе, id_ингредиента, количество, порядок_добавления) VALUES (20, 8, 3, 3);
INSERT INTO компонент_кофе (id_кофе, id_ингредиента, количество, порядок_добавления) VALUES (20, 26, 1, 4);
INSERT INTO компонент_кофе (id_кофе, id_ингредиента, количество, порядок_добавления) VALUES (20, 23, 7, 5);
INSERT INTO компонент_кофе (id_кофе, id_ингредиента, количество, порядок_добавления) VALUES (21, 1, 1, 0);
INSERT INTO компонент_кофе (id_кофе, id_ингредиента, количество, порядок_добавления) VALUES (21, 19, 9, 1);
INSERT INTO компонент_кофе (id_кофе, id_ингредиента, количество, порядок_добавления) VALUES (22, 1, 2, 0);
INSERT INTO компонент_кофе (id_кофе, id_ингредиента, количество, порядок_добавления) VALUES (22, 10, 4, 1);
INSERT INTO компонент_кофе (id_кофе, id_ингредиента, количество, порядок_добавления) VALUES (22, 27, 1, 2);
INSERT INTO компонент_кофе (id_кофе, id_ингредиента, количество, порядок_добавления) VALUES (22, 26, 7, 3);
INSERT INTO компонент_кофе (id_кофе, id_ингредиента, количество, порядок_добавления) VALUES (22, 27, 1, 4);
INSERT INTO компонент_кофе (id_кофе, id_ингредиента, количество, порядок_добавления) VALUES (23, 1, 1, 0);
INSERT INTO компонент_кофе (id_кофе, id_ингредиента, количество, порядок_добавления) VALUES (23, 5, 2, 1);
INSERT INTO компонент_кофе (id_кофе, id_ингредиента, количество, порядок_добавления) VALUES (23, 4, 3, 2);
INSERT INTO компонент_кофе (id_кофе, id_ингредиента, количество, порядок_добавления) VALUES (23, 7, 9, 3);
INSERT INTO компонент_кофе (id_кофе, id_ингредиента, количество, порядок_добавления) VALUES (23, 11, 4, 4);
INSERT INTO компонент_кофе (id_кофе, id_ингредиента, количество, порядок_добавления) VALUES (24, 1, 2, 0);
INSERT INTO компонент_кофе (id_кофе, id_ингредиента, количество, порядок_добавления) VALUES (24, 27, 9, 1);
INSERT INTO компонент_кофе (id_кофе, id_ингредиента, количество, порядок_добавления) VALUES (24, 10, 8, 2);
INSERT INTO компонент_кофе (id_кофе, id_ингредиента, количество, порядок_добавления) VALUES (24, 14, 9, 3);
INSERT INTO компонент_кофе (id_кофе, id_ингредиента, количество, порядок_добавления) VALUES (24, 23, 7, 4);
INSERT INTO компонент_кофе (id_кофе, id_ингредиента, количество, порядок_добавления) VALUES (24, 13, 6, 5);
INSERT INTO компонент_кофе (id_кофе, id_ингредиента, количество, порядок_добавления) VALUES (24, 9, 6, 6);
INSERT INTO компонент_кофе (id_кофе, id_ингредиента, количество, порядок_добавления) VALUES (24, 27, 7, 7);
INSERT INTO компонент_кофе (id_кофе, id_ингредиента, количество, порядок_добавления) VALUES (25, 1, 2, 0);
INSERT INTO компонент_кофе (id_кофе, id_ингредиента, количество, порядок_добавления) VALUES (25, 24, 4, 1);
INSERT INTO компонент_кофе (id_кофе, id_ингредиента, количество, порядок_добавления) VALUES (25, 10, 1, 2);
INSERT INTO компонент_кофе (id_кофе, id_ингредиента, количество, порядок_добавления) VALUES (25, 26, 5, 3);
INSERT INTO компонент_кофе (id_кофе, id_ингредиента, количество, порядок_добавления) VALUES (25, 3, 5, 4);
INSERT INTO компонент_кофе (id_кофе, id_ингредиента, количество, порядок_добавления) VALUES (25, 11, 2, 5);
INSERT INTO компонент_кофе (id_кофе, id_ингредиента, количество, порядок_добавления) VALUES (26, 1, 2, 0);
INSERT INTO компонент_кофе (id_кофе, id_ингредиента, количество, порядок_добавления) VALUES (26, 18, 8, 1);
INSERT INTO компонент_кофе (id_кофе, id_ингредиента, количество, порядок_добавления) VALUES (26, 10, 4, 2);
INSERT INTO компонент_кофе (id_кофе, id_ингредиента, количество, порядок_добавления) VALUES (26, 8, 1, 3);
INSERT INTO компонент_кофе (id_кофе, id_ингредиента, количество, порядок_добавления) VALUES (26, 4, 2, 4);
INSERT INTO компонент_кофе (id_кофе, id_ингредиента, количество, порядок_добавления) VALUES (27, 1, 2, 0);
INSERT INTO компонент_кофе (id_кофе, id_ингредиента, количество, порядок_добавления) VALUES (27, 8, 9, 1);
INSERT INTO компонент_кофе (id_кофе, id_ингредиента, количество, порядок_добавления) VALUES (27, 10, 5, 2);
INSERT INTO компонент_кофе (id_кофе, id_ингредиента, количество, порядок_добавления) VALUES (27, 22, 3, 3);
INSERT INTO компонент_кофе (id_кофе, id_ингредиента, количество, порядок_добавления) VALUES (28, 1, 2, 0);
INSERT INTO компонент_кофе (id_кофе, id_ингредиента, количество, порядок_добавления) VALUES (28, 27, 2, 1);
INSERT INTO компонент_кофе (id_кофе, id_ингредиента, количество, порядок_добавления) VALUES (28, 19, 9, 2);
INSERT INTO компонент_кофе (id_кофе, id_ингредиента, количество, порядок_добавления) VALUES (28, 10, 1, 3);
INSERT INTO компонент_кофе (id_кофе, id_ингредиента, количество, порядок_добавления) VALUES (29, 1, 2, 0);
INSERT INTO компонент_кофе (id_кофе, id_ингредиента, количество, порядок_добавления) VALUES (29, 19, 4, 1);
INSERT INTO компонент_кофе (id_кофе, id_ингредиента, количество, порядок_добавления) VALUES (29, 22, 5, 2);
INSERT INTO компонент_кофе (id_кофе, id_ингредиента, количество, порядок_добавления) VALUES (29, 10, 1, 3);
INSERT INTO компонент_кофе (id_кофе, id_ингредиента, количество, порядок_добавления) VALUES (29, 18, 6, 4);
INSERT INTO компонент_кофе (id_кофе, id_ингредиента, количество, порядок_добавления) VALUES (29, 2, 5, 5);
INSERT INTO компонент_кофе (id_кофе, id_ингредиента, количество, порядок_добавления) VALUES (29, 2, 9, 6);
INSERT INTO компонент_кофе (id_кофе, id_ингредиента, количество, порядок_добавления) VALUES (29, 14, 3, 7);
INSERT INTO компонент_кофе (id_кофе, id_ингредиента, количество, порядок_добавления) VALUES (29, 23, 1, 8);
INSERT INTO компонент_кофе (id_кофе, id_ингредиента, количество, порядок_добавления) VALUES (30, 1, 2, 0);
INSERT INTO компонент_кофе (id_кофе, id_ингредиента, количество, порядок_добавления) VALUES (30, 22, 9, 1);
INSERT INTO компонент_кофе (id_кофе, id_ингредиента, количество, порядок_добавления) VALUES (30, 13, 9, 2);
INSERT INTO компонент_кофе (id_кофе, id_ингредиента, количество, порядок_добавления) VALUES (30, 8, 5, 3);
INSERT INTO компонент_кофе (id_кофе, id_ингредиента, количество, порядок_добавления) VALUES (30, 23, 7, 4);
INSERT INTO компонент_кофе (id_кофе, id_ингредиента, количество, порядок_добавления) VALUES (31, 1, 1, 0);
INSERT INTO компонент_кофе (id_кофе, id_ингредиента, количество, порядок_добавления) VALUES (31, 2, 8, 1);
INSERT INTO компонент_кофе (id_кофе, id_ингредиента, количество, порядок_добавления) VALUES (31, 23, 5, 2);
INSERT INTO компонент_кофе (id_кофе, id_ингредиента, количество, порядок_добавления) VALUES (31, 11, 2, 3);
INSERT INTO компонент_кофе (id_кофе, id_ингредиента, количество, порядок_добавления) VALUES (31, 20, 6, 4);
INSERT INTO компонент_кофе (id_кофе, id_ингредиента, количество, порядок_добавления) VALUES (31, 20, 6, 5);
INSERT INTO компонент_кофе (id_кофе, id_ингредиента, количество, порядок_добавления) VALUES (32, 1, 1, 0);
INSERT INTO компонент_кофе (id_кофе, id_ингредиента, количество, порядок_добавления) VALUES (32, 7, 1, 1);
INSERT INTO компонент_кофе (id_кофе, id_ингредиента, количество, порядок_добавления) VALUES (32, 25, 6, 2);
INSERT INTO компонент_кофе (id_кофе, id_ингредиента, количество, порядок_добавления) VALUES (32, 15, 7, 3);
INSERT INTO компонент_кофе (id_кофе, id_ингредиента, количество, порядок_добавления) VALUES (32, 8, 1, 4);
INSERT INTO компонент_кофе (id_кофе, id_ингредиента, количество, порядок_добавления) VALUES (32, 2, 5, 5);
INSERT INTO компонент_кофе (id_кофе, id_ингредиента, количество, порядок_добавления) VALUES (32, 9, 5, 6);
INSERT INTO компонент_кофе (id_кофе, id_ингредиента, количество, порядок_добавления) VALUES (33, 1, 2, 0);
INSERT INTO компонент_кофе (id_кофе, id_ингредиента, количество, порядок_добавления) VALUES (33, 16, 1, 1);
INSERT INTO компонент_кофе (id_кофе, id_ингредиента, количество, порядок_добавления) VALUES (33, 25, 5, 2);
INSERT INTO компонент_кофе (id_кофе, id_ингредиента, количество, порядок_добавления) VALUES (33, 5, 8, 3);
INSERT INTO компонент_кофе (id_кофе, id_ингредиента, количество, порядок_добавления) VALUES (33, 9, 4, 4);
INSERT INTO компонент_кофе (id_кофе, id_ингредиента, количество, порядок_добавления) VALUES (33, 6, 6, 5);
INSERT INTO компонент_кофе (id_кофе, id_ингредиента, количество, порядок_добавления) VALUES (33, 15, 4, 6);
INSERT INTO компонент_кофе (id_кофе, id_ингредиента, количество, порядок_добавления) VALUES (34, 1, 2, 0);
INSERT INTO компонент_кофе (id_кофе, id_ингредиента, количество, порядок_добавления) VALUES (34, 27, 8, 1);
INSERT INTO компонент_кофе (id_кофе, id_ингредиента, количество, порядок_добавления) VALUES (34, 26, 1, 2);
INSERT INTO компонент_кофе (id_кофе, id_ингредиента, количество, порядок_добавления) VALUES (35, 1, 1, 0);
INSERT INTO компонент_кофе (id_кофе, id_ингредиента, количество, порядок_добавления) VALUES (35, 10, 9, 1);
INSERT INTO компонент_кофе (id_кофе, id_ингредиента, количество, порядок_добавления) VALUES (36, 1, 2, 0);
INSERT INTO компонент_кофе (id_кофе, id_ингредиента, количество, порядок_добавления) VALUES (36, 19, 3, 1);
INSERT INTO компонент_кофе (id_кофе, id_ингредиента, количество, порядок_добавления) VALUES (37, 1, 2, 0);
INSERT INTO компонент_кофе (id_кофе, id_ингредиента, количество, порядок_добавления) VALUES (37, 13, 6, 1);
INSERT INTO компонент_кофе (id_кофе, id_ингредиента, количество, порядок_добавления) VALUES (37, 8, 2, 2);
INSERT INTO компонент_кофе (id_кофе, id_ингредиента, количество, порядок_добавления) VALUES (37, 24, 8, 3);
INSERT INTO компонент_кофе (id_кофе, id_ингредиента, количество, порядок_добавления) VALUES (37, 27, 5, 4);
INSERT INTO компонент_кофе (id_кофе, id_ингредиента, количество, порядок_добавления) VALUES (38, 1, 2, 0);
INSERT INTO компонент_кофе (id_кофе, id_ингредиента, количество, порядок_добавления) VALUES (38, 2, 3, 1);
INSERT INTO компонент_кофе (id_кофе, id_ингредиента, количество, порядок_добавления) VALUES (38, 13, 5, 2);
INSERT INTO компонент_кофе (id_кофе, id_ингредиента, количество, порядок_добавления) VALUES (38, 4, 9, 3);
INSERT INTO компонент_кофе (id_кофе, id_ингредиента, количество, порядок_добавления) VALUES (38, 16, 1, 4);
INSERT INTO компонент_кофе (id_кофе, id_ингредиента, количество, порядок_добавления) VALUES (38, 10, 8, 5);
INSERT INTO компонент_кофе (id_кофе, id_ингредиента, количество, порядок_добавления) VALUES (38, 3, 3, 6);
INSERT INTO компонент_кофе (id_кофе, id_ингредиента, количество, порядок_добавления) VALUES (38, 3, 2, 7);
INSERT INTO компонент_кофе (id_кофе, id_ингредиента, количество, порядок_добавления) VALUES (38, 3, 2, 8);
INSERT INTO компонент_кофе (id_кофе, id_ингредиента, количество, порядок_добавления) VALUES (39, 1, 1, 0);
INSERT INTO компонент_кофе (id_кофе, id_ингредиента, количество, порядок_добавления) VALUES (39, 27, 4, 1);
INSERT INTO компонент_кофе (id_кофе, id_ингредиента, количество, порядок_добавления) VALUES (39, 3, 3, 2);
INSERT INTO компонент_кофе (id_кофе, id_ингредиента, количество, порядок_добавления) VALUES (39, 22, 2, 3);
INSERT INTO компонент_кофе (id_кофе, id_ингредиента, количество, порядок_добавления) VALUES (40, 1, 2, 0);
INSERT INTO компонент_кофе (id_кофе, id_ингредиента, количество, порядок_добавления) VALUES (40, 3, 6, 1);
INSERT INTO компонент_кофе (id_кофе, id_ингредиента, количество, порядок_добавления) VALUES (40, 27, 1, 2);
INSERT INTO компонент_кофе (id_кофе, id_ингредиента, количество, порядок_добавления) VALUES (40, 20, 7, 3);
INSERT INTO компонент_кофе (id_кофе, id_ингредиента, количество, порядок_добавления) VALUES (41, 1, 1, 0);
INSERT INTO компонент_кофе (id_кофе, id_ингредиента, количество, порядок_добавления) VALUES (41, 6, 3, 1);
INSERT INTO компонент_кофе (id_кофе, id_ингредиента, количество, порядок_добавления) VALUES (41, 16, 8, 2);
INSERT INTO компонент_кофе (id_кофе, id_ингредиента, количество, порядок_добавления) VALUES (41, 23, 8, 3);
INSERT INTO компонент_кофе (id_кофе, id_ингредиента, количество, порядок_добавления) VALUES (41, 26, 6, 4);
INSERT INTO компонент_кофе (id_кофе, id_ингредиента, количество, порядок_добавления) VALUES (41, 9, 1, 5);
INSERT INTO компонент_кофе (id_кофе, id_ингредиента, количество, порядок_добавления) VALUES (41, 4, 2, 6);
INSERT INTO компонент_кофе (id_кофе, id_ингредиента, количество, порядок_добавления) VALUES (41, 10, 2, 7);
INSERT INTO компонент_кофе (id_кофе, id_ингредиента, количество, порядок_добавления) VALUES (42, 1, 2, 0);
INSERT INTO компонент_кофе (id_кофе, id_ингредиента, количество, порядок_добавления) VALUES (42, 20, 7, 1);
INSERT INTO компонент_кофе (id_кофе, id_ингредиента, количество, порядок_добавления) VALUES (42, 11, 3, 2);
INSERT INTO компонент_кофе (id_кофе, id_ингредиента, количество, порядок_добавления) VALUES (42, 22, 3, 3);
INSERT INTO компонент_кофе (id_кофе, id_ингредиента, количество, порядок_добавления) VALUES (42, 22, 4, 4);
INSERT INTO компонент_кофе (id_кофе, id_ингредиента, количество, порядок_добавления) VALUES (42, 22, 6, 5);
INSERT INTO компонент_кофе (id_кофе, id_ингредиента, количество, порядок_добавления) VALUES (42, 3, 4, 6);
INSERT INTO компонент_кофе (id_кофе, id_ингредиента, количество, порядок_добавления) VALUES (42, 20, 6, 7);
INSERT INTO компонент_кофе (id_кофе, id_ингредиента, количество, порядок_добавления) VALUES (42, 3, 6, 8);
INSERT INTO компонент_кофе (id_кофе, id_ингредиента, количество, порядок_добавления) VALUES (43, 1, 2, 0);
INSERT INTO компонент_кофе (id_кофе, id_ингредиента, количество, порядок_добавления) VALUES (43, 6, 1, 1);
INSERT INTO компонент_кофе (id_кофе, id_ингредиента, количество, порядок_добавления) VALUES (43, 2, 7, 2);
INSERT INTO компонент_кофе (id_кофе, id_ингредиента, количество, порядок_добавления) VALUES (43, 16, 2, 3);
INSERT INTO компонент_кофе (id_кофе, id_ингредиента, количество, порядок_добавления) VALUES (43, 16, 4, 4);
INSERT INTO компонент_кофе (id_кофе, id_ингредиента, количество, порядок_добавления) VALUES (43, 9, 8, 5);
INSERT INTO компонент_кофе (id_кофе, id_ингредиента, количество, порядок_добавления) VALUES (43, 20, 6, 6);
INSERT INTO компонент_кофе (id_кофе, id_ингредиента, количество, порядок_добавления) VALUES (44, 1, 1, 0);
INSERT INTO компонент_кофе (id_кофе, id_ингредиента, количество, порядок_добавления) VALUES (44, 27, 4, 1);
INSERT INTO компонент_кофе (id_кофе, id_ингредиента, количество, порядок_добавления) VALUES (44, 23, 7, 2);
INSERT INTO компонент_кофе (id_кофе, id_ингредиента, количество, порядок_добавления) VALUES (44, 5, 4, 3);
INSERT INTO компонент_кофе (id_кофе, id_ингредиента, количество, порядок_добавления) VALUES (44, 2, 9, 4);
INSERT INTO компонент_кофе (id_кофе, id_ингредиента, количество, порядок_добавления) VALUES (44, 9, 9, 5);
INSERT INTO компонент_кофе (id_кофе, id_ингредиента, количество, порядок_добавления) VALUES (45, 1, 2, 0);
INSERT INTO компонент_кофе (id_кофе, id_ингредиента, количество, порядок_добавления) VALUES (45, 13, 7, 1);
INSERT INTO компонент_кофе (id_кофе, id_ингредиента, количество, порядок_добавления) VALUES (45, 12, 7, 2);
INSERT INTO компонент_кофе (id_кофе, id_ингредиента, количество, порядок_добавления) VALUES (45, 24, 7, 3);
INSERT INTO компонент_кофе (id_кофе, id_ингредиента, количество, порядок_добавления) VALUES (45, 17, 6, 4);
INSERT INTO компонент_кофе (id_кофе, id_ингредиента, количество, порядок_добавления) VALUES (45, 14, 8, 5);
INSERT INTO компонент_кофе (id_кофе, id_ингредиента, количество, порядок_добавления) VALUES (45, 19, 1, 6);
INSERT INTO компонент_кофе (id_кофе, id_ингредиента, количество, порядок_добавления) VALUES (45, 12, 4, 7);
INSERT INTO компонент_кофе (id_кофе, id_ингредиента, количество, порядок_добавления) VALUES (46, 1, 2, 0);
INSERT INTO компонент_кофе (id_кофе, id_ингредиента, количество, порядок_добавления) VALUES (46, 9, 9, 1);
INSERT INTO компонент_кофе (id_кофе, id_ингредиента, количество, порядок_добавления) VALUES (47, 1, 2, 0);
INSERT INTO компонент_кофе (id_кофе, id_ингредиента, количество, порядок_добавления) VALUES (47, 7, 9, 1);
INSERT INTO компонент_кофе (id_кофе, id_ингредиента, количество, порядок_добавления) VALUES (47, 10, 6, 2);
INSERT INTO компонент_кофе (id_кофе, id_ингредиента, количество, порядок_добавления) VALUES (47, 27, 6, 3);
INSERT INTO компонент_кофе (id_кофе, id_ингредиента, количество, порядок_добавления) VALUES (47, 13, 3, 4);
INSERT INTO компонент_кофе (id_кофе, id_ингредиента, количество, порядок_добавления) VALUES (47, 2, 9, 5);
INSERT INTO компонент_кофе (id_кофе, id_ингредиента, количество, порядок_добавления) VALUES (47, 26, 1, 6);
INSERT INTO компонент_кофе (id_кофе, id_ингредиента, количество, порядок_добавления) VALUES (48, 1, 1, 0);
INSERT INTO компонент_кофе (id_кофе, id_ингредиента, количество, порядок_добавления) VALUES (48, 10, 4, 1);
INSERT INTO компонент_кофе (id_кофе, id_ингредиента, количество, порядок_добавления) VALUES (48, 5, 4, 2);
INSERT INTO компонент_кофе (id_кофе, id_ингредиента, количество, порядок_добавления) VALUES (48, 18, 6, 3);
INSERT INTO компонент_кофе (id_кофе, id_ингредиента, количество, порядок_добавления) VALUES (48, 15, 9, 4);
INSERT INTO компонент_кофе (id_кофе, id_ингредиента, количество, порядок_добавления) VALUES (48, 18, 3, 5);
INSERT INTO компонент_кофе (id_кофе, id_ингредиента, количество, порядок_добавления) VALUES (48, 24, 1, 6);
INSERT INTO компонент_кофе (id_кофе, id_ингредиента, количество, порядок_добавления) VALUES (48, 10, 6, 7);
INSERT INTO компонент_кофе (id_кофе, id_ингредиента, количество, порядок_добавления) VALUES (48, 11, 3, 8);
INSERT INTO компонент_кофе (id_кофе, id_ингредиента, количество, порядок_добавления) VALUES (49, 1, 1, 0);
INSERT INTO компонент_кофе (id_кофе, id_ингредиента, количество, порядок_добавления) VALUES (49, 25, 8, 1);
INSERT INTO компонент_кофе (id_кофе, id_ингредиента, количество, порядок_добавления) VALUES (49, 16, 2, 2);
INSERT INTO компонент_кофе (id_кофе, id_ингредиента, количество, порядок_добавления) VALUES (50, 1, 1, 0);
INSERT INTO компонент_кофе (id_кофе, id_ингредиента, количество, порядок_добавления) VALUES (50, 22, 4, 1);
INSERT INTO компонент_кофе (id_кофе, id_ингредиента, количество, порядок_добавления) VALUES (50, 8, 4, 2);
INSERT INTO компонент_кофе (id_кофе, id_ингредиента, количество, порядок_добавления) VALUES (50, 22, 9, 3);
INSERT INTO компонент_кофе (id_кофе, id_ингредиента, количество, порядок_добавления) VALUES (50, 13, 6, 4);
INSERT INTO компонент_кофе (id_кофе, id_ингредиента, количество, порядок_добавления) VALUES (50, 13, 8, 5);
INSERT INTO компонент_кофе (id_кофе, id_ингредиента, количество, порядок_добавления) VALUES (50, 4, 3, 6);
-- заказы
INSERT INTO заказ (статус_заказа, id_клиента, id_кофейни, скидка, стоимость, время_формирования) VALUES ('FORMING', 21, 4, 0.35, 0.0, '2015-09-30 19:15');
INSERT INTO заказ (статус_заказа, id_клиента, id_кофейни, скидка, стоимость, время_формирования) VALUES ('COOKING', 28, 1, 0.54, 376.28, '2017-08-25 9:30');
INSERT INTO заказ (статус_заказа, id_клиента, id_кофейни, скидка, стоимость, время_формирования) VALUES ('GIVEN', 19, 2, 0.88, 95.15999999999997, '2017-04-11 17:39');
INSERT INTO заказ (статус_заказа, id_клиента, id_кофейни, скидка, стоимость, время_формирования) VALUES ('COOKING', 33, 3, 0.34, 852.72, '2019-01-10 13:10');
INSERT INTO заказ (статус_заказа, id_клиента, id_кофейни, скидка, стоимость, время_формирования) VALUES ('COOKING', 13, 1, 0.03, 196.91, '2019-09-14 19:20');
INSERT INTO заказ (статус_заказа, id_клиента, id_кофейни, скидка, стоимость, время_формирования) VALUES ('COOKING', 37, 3, 0.71, 29.0, '2019-05-13 11:15');
INSERT INTO заказ (статус_заказа, id_клиента, id_кофейни, скидка, стоимость, время_формирования) VALUES ('READY', 13, 2, 0.11, 89.0, '2015-06-22 17:18');
INSERT INTO заказ (статус_заказа, id_клиента, id_кофейни, скидка, стоимость, время_формирования) VALUES ('READY', 37, 2, 0.23, 808.5, '2016-01-29 14:15');
INSERT INTO заказ (статус_заказа, id_клиента, id_кофейни, скидка, стоимость, время_формирования) VALUES ('FORMING', 7, 2, 0.88, 12.0, '2019-05-04 9:27');
INSERT INTO заказ (статус_заказа, id_клиента, id_кофейни, скидка, стоимость, время_формирования) VALUES ('FORMING', 21, 3, 0.85, 42.45000000000002, '2019-12-15 17:7');
INSERT INTO заказ (статус_заказа, id_клиента, id_кофейни, скидка, стоимость, время_формирования) VALUES ('COOKING', 28, 4, 0.84, 18.560000000000002, '2019-07-21 13:23');
INSERT INTO заказ (статус_заказа, id_клиента, id_кофейни, скидка, стоимость, время_формирования) VALUES ('READY', 22, 3, 0.3, 227.5, '2019-06-23 17:56');
INSERT INTO заказ (статус_заказа, id_клиента, id_кофейни, скидка, стоимость, время_формирования) VALUES ('COOKING', 35, 1, 0.37, 367.92, '2015-10-02 15:54');
INSERT INTO заказ (статус_заказа, id_клиента, id_кофейни, скидка, стоимость, время_формирования) VALUES ('FORMING', 43, 3, 0.1, 0.0, '2019-03-30 9:21');
INSERT INTO заказ (статус_заказа, id_клиента, id_кофейни, скидка, стоимость, время_формирования) VALUES ('COOKING', 13, 1, 0.86, 62.860000000000014, '2016-01-22 11:19');
INSERT INTO заказ (статус_заказа, id_клиента, id_кофейни, скидка, стоимость, время_формирования) VALUES ('GIVEN', 26, 3, 0.23, 0.0, '2016-03-25 19:13');
INSERT INTO заказ (статус_заказа, id_клиента, id_кофейни, скидка, стоимость, время_формирования) VALUES ('READY', 44, 4, 0.21, 536.41, '2019-07-16 8:35');
INSERT INTO заказ (статус_заказа, id_клиента, id_кофейни, скидка, стоимость, время_формирования) VALUES ('FORMING', 16, 1, 0.32, 418.88, '2016-08-07 11:0');
INSERT INTO заказ (статус_заказа, id_клиента, id_кофейни, скидка, стоимость, время_формирования) VALUES ('FORMING', 17, 4, 0.58, 45.78, '2016-06-04 12:10');
INSERT INTO заказ (статус_заказа, id_клиента, id_кофейни, скидка, стоимость, время_формирования) VALUES ('READY', 11, 3, 0.26, 80.66, '2019-11-22 12:12');
INSERT INTO заказ (статус_заказа, id_клиента, id_кофейни, скидка, стоимость, время_формирования) VALUES ('GIVEN', 49, 1, 0.13, 238.38, '2017-06-15 18:57');
INSERT INTO заказ (статус_заказа, id_клиента, id_кофейни, скидка, стоимость, время_формирования) VALUES ('FORMING', 1, 2, 0.41, 325.09000000000003, '2019-03-17 20:7');
INSERT INTO заказ (статус_заказа, id_клиента, id_кофейни, скидка, стоимость, время_формирования) VALUES ('GIVEN', 45, 4, 0.55, 196.2, '2017-11-24 10:47');
INSERT INTO заказ (статус_заказа, id_клиента, id_кофейни, скидка, стоимость, время_формирования) VALUES ('COOKING', 33, 2, 0.6, 69.60000000000001, '2019-04-01 13:27');
INSERT INTO заказ (статус_заказа, id_клиента, id_кофейни, скидка, стоимость, время_формирования) VALUES ('READY', 32, 2, 0.13, 147.9, '2018-07-01 19:48');
INSERT INTO заказ (статус_заказа, id_клиента, id_кофейни, скидка, стоимость, время_формирования) VALUES ('FORMING', 46, 4, 0.31, 138.0, '2018-05-29 16:37');
INSERT INTO заказ (статус_заказа, id_клиента, id_кофейни, скидка, стоимость, время_формирования) VALUES ('READY', 47, 1, 0.37, 292.95, '2016-06-25 17:5');
INSERT INTO заказ (статус_заказа, id_клиента, id_кофейни, скидка, стоимость, время_формирования) VALUES ('READY', 40, 3, 0.35, 687.7, '2017-04-04 16:51');
INSERT INTO заказ (статус_заказа, id_клиента, id_кофейни, скидка, стоимость, время_формирования) VALUES ('FORMING', 26, 4, 0.87, 205.26999999999998, '2015-03-01 10:5');
INSERT INTO заказ (статус_заказа, id_клиента, id_кофейни, скидка, стоимость, время_формирования) VALUES ('GIVEN', 40, 4, 0.72, 156.8, '2016-02-07 17:37');
INSERT INTO заказ (статус_заказа, id_клиента, id_кофейни, скидка, стоимость, время_формирования) VALUES ('COOKING', 37, 2, 0.5, 138.0, '2015-11-17 13:56');
INSERT INTO заказ (статус_заказа, id_клиента, id_кофейни, скидка, стоимость, время_формирования) VALUES ('FORMING', 33, 2, 0.8, 143.19999999999993, '2019-07-09 14:20');
INSERT INTO заказ (статус_заказа, id_клиента, id_кофейни, скидка, стоимость, время_формирования) VALUES ('COOKING', 47, 1, 1.0, 0.0, '2019-07-11 8:12');
INSERT INTO заказ (статус_заказа, id_клиента, id_кофейни, скидка, стоимость, время_формирования) VALUES ('READY', 26, 4, 0.45, 397.65, '2015-10-22 20:12');
INSERT INTO заказ (статус_заказа, id_клиента, id_кофейни, скидка, стоимость, время_формирования) VALUES ('FORMING', 20, 3, 0.66, 0.0, '2016-10-08 18:46');
INSERT INTO заказ (статус_заказа, id_клиента, id_кофейни, скидка, стоимость, время_формирования) VALUES ('COOKING', 10, 2, 0.79, 246.12, '2018-10-08 11:15');
INSERT INTO заказ (статус_заказа, id_клиента, id_кофейни, скидка, стоимость, время_формирования) VALUES ('GIVEN', 6, 3, 0.55, 118.79999999999998, '2016-03-14 20:8');
INSERT INTO заказ (статус_заказа, id_клиента, id_кофейни, скидка, стоимость, время_формирования) VALUES ('FORMING', 28, 2, 0.76, 0.0, '2019-04-10 11:19');
INSERT INTO заказ (статус_заказа, id_клиента, id_кофейни, скидка, стоимость, время_формирования) VALUES ('GIVEN', 26, 4, 0.06, 199.28, '2019-09-04 20:4');
INSERT INTO заказ (статус_заказа, id_клиента, id_кофейни, скидка, стоимость, время_формирования) VALUES ('FORMING', 18, 1, 0.76, 234.24, '2019-03-02 11:23');
INSERT INTO заказ (статус_заказа, id_клиента, id_кофейни, скидка, стоимость, время_формирования) VALUES ('FORMING', 17, 4, 0.51, 423.84999999999997, '2019-03-12 12:46');
INSERT INTO заказ (статус_заказа, id_клиента, id_кофейни, скидка, стоимость, время_формирования) VALUES ('READY', 16, 1, 0.39, 455.06, '2019-02-04 13:30');
INSERT INTO заказ (статус_заказа, id_клиента, id_кофейни, скидка, стоимость, время_формирования) VALUES ('READY', 12, 1, 0.72, 233.80000000000007, '2015-02-10 11:46');
INSERT INTO заказ (статус_заказа, id_клиента, id_кофейни, скидка, стоимость, время_формирования) VALUES ('READY', 15, 3, 0.81, 227.9999999999999, '2018-02-23 8:51');
INSERT INTO заказ (статус_заказа, id_клиента, id_кофейни, скидка, стоимость, время_формирования) VALUES ('COOKING', 19, 1, 0.72, 356.44000000000005, '2019-07-17 13:17');
INSERT INTO заказ (статус_заказа, id_клиента, id_кофейни, скидка, стоимость, время_формирования) VALUES ('COOKING', 34, 1, 0.81, 66.88, '2017-12-23 20:4');
INSERT INTO заказ (статус_заказа, id_клиента, id_кофейни, скидка, стоимость, время_формирования) VALUES ('FORMING', 5, 1, 0.42, 441.96000000000004, '2017-01-13 10:41');
INSERT INTO заказ (статус_заказа, id_клиента, id_кофейни, скидка, стоимость, время_формирования) VALUES ('GIVEN', 25, 1, 0.31, 138.0, '2018-08-06 13:11');
INSERT INTO заказ (статус_заказа, id_клиента, id_кофейни, скидка, стоимость, время_формирования) VALUES ('READY', 38, 3, 0.2, 710.4, '2017-02-24 10:12');
INSERT INTO заказ (статус_заказа, id_клиента, id_кофейни, скидка, стоимость, время_формирования) VALUES ('GIVEN', 29, 1, 0.46, 489.24, '2016-12-11 10:48');
INSERT INTO заказ (статус_заказа, id_клиента, id_кофейни, скидка, стоимость, время_формирования) VALUES ('FORMING', 22, 2, 0.78, 37.400000000000006, '2015-11-17 18:6');
INSERT INTO заказ (статус_заказа, id_клиента, id_кофейни, скидка, стоимость, время_формирования) VALUES ('FORMING', 8, 2, 0.04, 600.0, '2015-05-23 11:22');
INSERT INTO заказ (статус_заказа, id_клиента, id_кофейни, скидка, стоимость, время_формирования) VALUES ('READY', 45, 4, 0.86, 142.38, '2018-05-27 17:47');
INSERT INTO заказ (статус_заказа, id_клиента, id_кофейни, скидка, стоимость, время_формирования) VALUES ('FORMING', 25, 4, 0.22, 728.52, '2015-12-02 13:19');
INSERT INTO заказ (статус_заказа, id_клиента, id_кофейни, скидка, стоимость, время_формирования) VALUES ('COOKING', 30, 1, 0.73, 66.42000000000002, '2015-09-01 14:50');
INSERT INTO заказ (статус_заказа, id_клиента, id_кофейни, скидка, стоимость, время_формирования) VALUES ('READY', 15, 4, 0.28, 712.8, '2018-08-04 20:57');
INSERT INTO заказ (статус_заказа, id_клиента, id_кофейни, скидка, стоимость, время_формирования) VALUES ('GIVEN', 26, 4, 0.55, 517.05, '2015-04-07 11:29');
INSERT INTO заказ (статус_заказа, id_клиента, id_кофейни, скидка, стоимость, время_формирования) VALUES ('READY', 15, 1, 0.94, 50.6400000000001, '2018-03-04 19:36');
INSERT INTO заказ (статус_заказа, id_клиента, id_кофейни, скидка, стоимость, время_формирования) VALUES ('COOKING', 3, 3, 0.99, 8.759999999999991, '2018-07-11 10:13');
INSERT INTO заказ (статус_заказа, id_клиента, id_кофейни, скидка, стоимость, время_формирования) VALUES ('GIVEN', 21, 4, 0.27, 584.73, '2019-09-15 20:11');
INSERT INTO заказ (статус_заказа, id_клиента, id_кофейни, скидка, стоимость, время_формирования) VALUES ('READY', 49, 4, 0.08, 962.3199999999999, '2019-11-02 8:15');
INSERT INTO заказ (статус_заказа, id_клиента, id_кофейни, скидка, стоимость, время_формирования) VALUES ('COOKING', 22, 2, 0.36, 449.92, '2015-05-12 10:23');
INSERT INTO заказ (статус_заказа, id_клиента, id_кофейни, скидка, стоимость, время_формирования) VALUES ('COOKING', 21, 3, 0.67, 239.24999999999994, '2015-03-13 20:50');
INSERT INTO заказ (статус_заказа, id_клиента, id_кофейни, скидка, стоимость, время_формирования) VALUES ('FORMING', 25, 1, 0.04, 1033.92, '2019-05-14 16:6');
INSERT INTO заказ (статус_заказа, id_клиента, id_кофейни, скидка, стоимость, время_формирования) VALUES ('FORMING', 47, 3, 0.84, 181.92000000000007, '2015-03-31 18:58');
INSERT INTO заказ (статус_заказа, id_клиента, id_кофейни, скидка, стоимость, время_формирования) VALUES ('FORMING', 18, 4, 0.16, 992.04, '2019-11-30 18:14');
INSERT INTO заказ (статус_заказа, id_клиента, id_кофейни, скидка, стоимость, время_формирования) VALUES ('READY', 43, 2, 0.97, 10.319999999999993, '2015-07-20 9:15');
INSERT INTO заказ (статус_заказа, id_клиента, id_кофейни, скидка, стоимость, время_формирования) VALUES ('READY', 31, 1, 0.2, 0.0, '2017-06-19 9:3');
INSERT INTO заказ (статус_заказа, id_клиента, id_кофейни, скидка, стоимость, время_формирования) VALUES ('GIVEN', 45, 1, 0.05, 1301.5, '2017-05-15 15:48');
INSERT INTO заказ (статус_заказа, id_клиента, id_кофейни, скидка, стоимость, время_формирования) VALUES ('READY', 18, 1, 0.87, 125.84000000000003, '2017-10-12 13:28');
INSERT INTO заказ (статус_заказа, id_клиента, id_кофейни, скидка, стоимость, время_формирования) VALUES ('COOKING', 4, 1, 0.18, 633.86, '2019-01-07 10:35');
INSERT INTO заказ (статус_заказа, id_клиента, id_кофейни, скидка, стоимость, время_формирования) VALUES ('COOKING', 32, 1, 0.08, 1196.0, '2018-12-13 13:20');
INSERT INTO заказ (статус_заказа, id_клиента, id_кофейни, скидка, стоимость, время_формирования) VALUES ('GIVEN', 19, 4, 0.8, 158.0, '2015-06-07 18:27');
INSERT INTO заказ (статус_заказа, id_клиента, id_кофейни, скидка, стоимость, время_формирования) VALUES ('COOKING', 22, 4, 0.46, 432.53999999999996, '2016-10-10 9:11');
INSERT INTO заказ (статус_заказа, id_клиента, id_кофейни, скидка, стоимость, время_формирования) VALUES ('READY', 2, 4, 0.67, 260.69999999999993, '2015-08-28 9:40');
INSERT INTO заказ (статус_заказа, id_клиента, id_кофейни, скидка, стоимость, время_формирования) VALUES ('FORMING', 46, 3, 0.12, 0.0, '2016-09-07 14:16');
INSERT INTO заказ (статус_заказа, id_клиента, id_кофейни, скидка, стоимость, время_формирования) VALUES ('GIVEN', 19, 2, 0.32, 563.04, '2015-06-09 18:54');
INSERT INTO заказ (статус_заказа, id_клиента, id_кофейни, скидка, стоимость, время_формирования) VALUES ('COOKING', 7, 1, 0.52, 0.0, '2018-02-02 13:38');
INSERT INTO заказ (статус_заказа, id_клиента, id_кофейни, скидка, стоимость, время_формирования) VALUES ('COOKING', 34, 4, 0.22, 819.0, '2015-02-11 11:5');
INSERT INTO заказ (статус_заказа, id_клиента, id_кофейни, скидка, стоимость, время_формирования) VALUES ('GIVEN', 19, 3, 0.37, 1010.52, '2019-12-01 19:38');
INSERT INTO заказ (статус_заказа, id_клиента, id_кофейни, скидка, стоимость, время_формирования) VALUES ('COOKING', 33, 1, 0.04, 988.8, '2015-04-07 10:22');
INSERT INTO заказ (статус_заказа, id_клиента, id_кофейни, скидка, стоимость, время_формирования) VALUES ('FORMING', 40, 2, 0.17, 1174.45, '2015-07-27 16:38');
INSERT INTO заказ (статус_заказа, id_клиента, id_кофейни, скидка, стоимость, время_формирования) VALUES ('COOKING', 14, 3, 0.3, 146.3, '2015-06-23 19:58');
INSERT INTO заказ (статус_заказа, id_клиента, id_кофейни, скидка, стоимость, время_формирования) VALUES ('FORMING', 46, 3, 0.49, 282.03000000000003, '2015-11-18 13:0');
INSERT INTO заказ (статус_заказа, id_клиента, id_кофейни, скидка, стоимость, время_формирования) VALUES ('FORMING', 45, 4, 0.13, 183.57, '2017-07-19 17:40');
INSERT INTO заказ (статус_заказа, id_клиента, id_кофейни, скидка, стоимость, время_формирования) VALUES ('READY', 27, 3, 0.79, 141.75, '2017-09-23 8:18');
INSERT INTO заказ (статус_заказа, id_клиента, id_кофейни, скидка, стоимость, время_формирования) VALUES ('FORMING', 7, 1, 0.44, 228.48, '2016-03-01 15:40');
INSERT INTO заказ (статус_заказа, id_клиента, id_кофейни, скидка, стоимость, время_формирования) VALUES ('FORMING', 23, 4, 0.95, 5.800000000000011, '2017-06-03 10:13');
INSERT INTO заказ (статус_заказа, id_клиента, id_кофейни, скидка, стоимость, время_формирования) VALUES ('COOKING', 49, 2, 0.82, 161.82000000000005, '2015-04-12 12:26');
INSERT INTO заказ (статус_заказа, id_клиента, id_кофейни, скидка, стоимость, время_формирования) VALUES ('FORMING', 20, 3, 0.27, 258.41999999999996, '2018-08-09 11:56');
INSERT INTO заказ (статус_заказа, id_клиента, id_кофейни, скидка, стоимость, время_формирования) VALUES ('COOKING', 13, 3, 0.16, 350.28, '2018-06-08 8:45');
INSERT INTO заказ (статус_заказа, id_клиента, id_кофейни, скидка, стоимость, время_формирования) VALUES ('GIVEN', 28, 1, 0.8, 54.79999999999998, '2017-05-10 9:22');
INSERT INTO заказ (статус_заказа, id_клиента, id_кофейни, скидка, стоимость, время_формирования) VALUES ('FORMING', 36, 4, 0.36, 885.12, '2017-01-15 12:12');
INSERT INTO заказ (статус_заказа, id_клиента, id_кофейни, скидка, стоимость, время_формирования) VALUES ('GIVEN', 48, 1, 1.0, 0.0, '2017-12-17 10:47');
INSERT INTO заказ (статус_заказа, id_клиента, id_кофейни, скидка, стоимость, время_формирования) VALUES ('COOKING', 19, 2, 0.33, 826.1099999999999, '2015-08-27 19:38');
INSERT INTO заказ (статус_заказа, id_клиента, id_кофейни, скидка, стоимость, время_формирования) VALUES ('COOKING', 37, 1, 0.73, 257.58000000000004, '2016-02-13 17:55');
INSERT INTO заказ (статус_заказа, id_клиента, id_кофейни, скидка, стоимость, время_формирования) VALUES ('FORMING', 17, 4, 0.39, 484.95, '2017-01-23 13:43');
INSERT INTO заказ (статус_заказа, id_клиента, id_кофейни, скидка, стоимость, время_формирования) VALUES ('READY', 5, 4, 0.77, 0.0, '2015-03-28 15:14');
INSERT INTO заказ (статус_заказа, id_клиента, id_кофейни, скидка, стоимость, время_формирования) VALUES ('COOKING', 26, 4, 0.6, 362.0, '2018-03-22 16:9');
-- компоненты заказа
INSERT INTO компонент_заказа (id_заказа, id_товара) VALUES (1, 29);
INSERT INTO компонент_заказа (id_заказа, id_товара) VALUES (1, 7);
INSERT INTO компонент_заказа (id_заказа, id_товара) VALUES (1, 39);
INSERT INTO компонент_заказа (id_заказа, id_товара) VALUES (1, 42);
INSERT INTO компонент_заказа (id_заказа, id_товара) VALUES (1, 30);
INSERT INTO компонент_заказа (id_заказа, id_товара) VALUES (1, 12);
INSERT INTO компонент_заказа (id_заказа, id_товара) VALUES (1, 16);
INSERT INTO компонент_заказа (id_заказа, id_товара) VALUES (1, 37);
INSERT INTO компонент_заказа (id_заказа, id_товара) VALUES (1, 3);
INSERT INTO компонент_заказа (id_заказа, id_товара) VALUES (3, 36);
INSERT INTO компонент_заказа (id_заказа, id_товара) VALUES (3, 37);
INSERT INTO компонент_заказа (id_заказа, id_товара) VALUES (3, 33);
INSERT INTO компонент_заказа (id_заказа, id_товара) VALUES (3, 33);
INSERT INTO компонент_заказа (id_заказа, id_товара) VALUES (3, 15);
INSERT INTO компонент_заказа (id_заказа, id_товара) VALUES (3, 1);
INSERT INTO компонент_заказа (id_заказа, id_товара) VALUES (4, 33);
INSERT INTO компонент_заказа (id_заказа, id_товара) VALUES (4, 2);
INSERT INTO компонент_заказа (id_заказа, id_товара) VALUES (4, 40);
INSERT INTO компонент_заказа (id_заказа, id_товара) VALUES (4, 29);
INSERT INTO компонент_заказа (id_заказа, id_товара) VALUES (4, 29);
INSERT INTO компонент_заказа (id_заказа, id_товара) VALUES (4, 30);
INSERT INTO компонент_заказа (id_заказа, id_товара) VALUES (5, 30);
INSERT INTO компонент_заказа (id_заказа, id_товара) VALUES (5, 7);
INSERT INTO компонент_заказа (id_заказа, id_товара) VALUES (5, 9);
INSERT INTO компонент_заказа (id_заказа, id_товара) VALUES (5, 14);
INSERT INTO компонент_заказа (id_заказа, id_товара) VALUES (5, 16);
INSERT INTO компонент_заказа (id_заказа, id_товара) VALUES (5, 2);
INSERT INTO компонент_заказа (id_заказа, id_товара) VALUES (5, 38);
INSERT INTO компонент_заказа (id_заказа, id_товара) VALUES (5, 3);
INSERT INTO компонент_заказа (id_заказа, id_товара) VALUES (6, 7);
INSERT INTO компонент_заказа (id_заказа, id_товара) VALUES (6, 26);
INSERT INTO компонент_заказа (id_заказа, id_товара) VALUES (6, 7);
INSERT INTO компонент_заказа (id_заказа, id_товара) VALUES (6, 1);
INSERT INTO компонент_заказа (id_заказа, id_товара) VALUES (6, 33);
INSERT INTO компонент_заказа (id_заказа, id_товара) VALUES (6, 39);
INSERT INTO компонент_заказа (id_заказа, id_товара) VALUES (6, 29);
INSERT INTO компонент_заказа (id_заказа, id_товара) VALUES (6, 4);
INSERT INTO компонент_заказа (id_заказа, id_товара) VALUES (6, 21);
INSERT INTO компонент_заказа (id_заказа, id_товара) VALUES (7, 32);
INSERT INTO компонент_заказа (id_заказа, id_товара) VALUES (7, 37);
INSERT INTO компонент_заказа (id_заказа, id_товара) VALUES (7, 6);
INSERT INTO компонент_заказа (id_заказа, id_товара) VALUES (7, 28);
INSERT INTO компонент_заказа (id_заказа, id_товара) VALUES (7, 8);
INSERT INTO компонент_заказа (id_заказа, id_товара) VALUES (9, 4);
INSERT INTO компонент_заказа (id_заказа, id_товара) VALUES (9, 34);
INSERT INTO компонент_заказа (id_заказа, id_товара) VALUES (9, 24);
INSERT INTO компонент_заказа (id_заказа, id_товара) VALUES (9, 30);
INSERT INTO компонент_заказа (id_заказа, id_товара) VALUES (9, 22);
INSERT INTO компонент_заказа (id_заказа, id_товара) VALUES (9, 34);
INSERT INTO компонент_заказа (id_заказа, id_товара) VALUES (9, 12);
INSERT INTO компонент_заказа (id_заказа, id_товара) VALUES (10, 42);
INSERT INTO компонент_заказа (id_заказа, id_товара) VALUES (10, 31);
INSERT INTO компонент_заказа (id_заказа, id_товара) VALUES (10, 22);
INSERT INTO компонент_заказа (id_заказа, id_товара) VALUES (10, 37);
INSERT INTO компонент_заказа (id_заказа, id_товара) VALUES (10, 9);
INSERT INTO компонент_заказа (id_заказа, id_товара) VALUES (10, 9);
INSERT INTO компонент_заказа (id_заказа, id_товара) VALUES (10, 41);
INSERT INTO компонент_заказа (id_заказа, id_товара) VALUES (10, 6);
INSERT INTO компонент_заказа (id_заказа, id_товара) VALUES (11, 30);
INSERT INTO компонент_заказа (id_заказа, id_товара) VALUES (11, 17);
INSERT INTO компонент_заказа (id_заказа, id_товара) VALUES (11, 9);
INSERT INTO компонент_заказа (id_заказа, id_товара) VALUES (11, 13);
INSERT INTO компонент_заказа (id_заказа, id_товара) VALUES (11, 38);
INSERT INTO компонент_заказа (id_заказа, id_товара) VALUES (12, 37);
INSERT INTO компонент_заказа (id_заказа, id_товара) VALUES (12, 39);
INSERT INTO компонент_заказа (id_заказа, id_товара) VALUES (12, 4);
INSERT INTO компонент_заказа (id_заказа, id_товара) VALUES (12, 16);
INSERT INTO компонент_заказа (id_заказа, id_товара) VALUES (12, 20);
INSERT INTO компонент_заказа (id_заказа, id_товара) VALUES (12, 38);
INSERT INTO компонент_заказа (id_заказа, id_товара) VALUES (13, 31);
INSERT INTO компонент_заказа (id_заказа, id_товара) VALUES (13, 5);
INSERT INTO компонент_заказа (id_заказа, id_товара) VALUES (13, 7);
INSERT INTO компонент_заказа (id_заказа, id_товара) VALUES (13, 2);
INSERT INTO компонент_заказа (id_заказа, id_товара) VALUES (14, 3);
INSERT INTO компонент_заказа (id_заказа, id_товара) VALUES (14, 29);
INSERT INTO компонент_заказа (id_заказа, id_товара) VALUES (14, 5);
INSERT INTO компонент_заказа (id_заказа, id_товара) VALUES (15, 8);
INSERT INTO компонент_заказа (id_заказа, id_товара) VALUES (15, 2);
INSERT INTO компонент_заказа (id_заказа, id_товара) VALUES (15, 4);
INSERT INTO компонент_заказа (id_заказа, id_товара) VALUES (15, 35);
INSERT INTO компонент_заказа (id_заказа, id_товара) VALUES (16, 36);
INSERT INTO компонент_заказа (id_заказа, id_товара) VALUES (17, 34);
INSERT INTO компонент_заказа (id_заказа, id_товара) VALUES (17, 21);
INSERT INTO компонент_заказа (id_заказа, id_товара) VALUES (17, 1);
INSERT INTO компонент_заказа (id_заказа, id_товара) VALUES (17, 17);
INSERT INTO компонент_заказа (id_заказа, id_товара) VALUES (17, 35);
INSERT INTO компонент_заказа (id_заказа, id_товара) VALUES (17, 9);
INSERT INTO компонент_заказа (id_заказа, id_товара) VALUES (17, 26);
INSERT INTO компонент_заказа (id_заказа, id_товара) VALUES (17, 26);
INSERT INTO компонент_заказа (id_заказа, id_товара) VALUES (17, 12);
INSERT INTO компонент_заказа (id_заказа, id_товара) VALUES (19, 22);
INSERT INTO компонент_заказа (id_заказа, id_товара) VALUES (19, 41);
INSERT INTO компонент_заказа (id_заказа, id_товара) VALUES (19, 39);
INSERT INTO компонент_заказа (id_заказа, id_товара) VALUES (19, 29);
INSERT INTO компонент_заказа (id_заказа, id_товара) VALUES (19, 2);
INSERT INTO компонент_заказа (id_заказа, id_товара) VALUES (20, 31);
INSERT INTO компонент_заказа (id_заказа, id_товара) VALUES (20, 9);
INSERT INTO компонент_заказа (id_заказа, id_товара) VALUES (20, 8);
INSERT INTO компонент_заказа (id_заказа, id_товара) VALUES (21, 5);
INSERT INTO компонент_заказа (id_заказа, id_товара) VALUES (21, 27);
INSERT INTO компонент_заказа (id_заказа, id_товара) VALUES (21, 14);
INSERT INTO компонент_заказа (id_заказа, id_товара) VALUES (21, 1);
INSERT INTO компонент_заказа (id_заказа, id_товара) VALUES (22, 3);
INSERT INTO компонент_заказа (id_заказа, id_товара) VALUES (22, 6);
INSERT INTO компонент_заказа (id_заказа, id_товара) VALUES (22, 36);
INSERT INTO компонент_заказа (id_заказа, id_товара) VALUES (22, 42);
INSERT INTO компонент_заказа (id_заказа, id_товара) VALUES (22, 36);
INSERT INTO компонент_заказа (id_заказа, id_товара) VALUES (22, 9);
INSERT INTO компонент_заказа (id_заказа, id_товара) VALUES (22, 22);
INSERT INTO компонент_заказа (id_заказа, id_товара) VALUES (22, 18);
INSERT INTO компонент_заказа (id_заказа, id_товара) VALUES (22, 21);
INSERT INTO компонент_заказа (id_заказа, id_товара) VALUES (23, 9);
INSERT INTO компонент_заказа (id_заказа, id_товара) VALUES (23, 22);
INSERT INTO компонент_заказа (id_заказа, id_товара) VALUES (23, 2);
INSERT INTO компонент_заказа (id_заказа, id_товара) VALUES (24, 5);
INSERT INTO компонент_заказа (id_заказа, id_товара) VALUES (25, 40);
INSERT INTO компонент_заказа (id_заказа, id_товара) VALUES (25, 15);
INSERT INTO компонент_заказа (id_заказа, id_товара) VALUES (26, 25);
INSERT INTO компонент_заказа (id_заказа, id_товара) VALUES (26, 19);
INSERT INTO компонент_заказа (id_заказа, id_товара) VALUES (26, 25);
INSERT INTO компонент_заказа (id_заказа, id_товара) VALUES (26, 40);
INSERT INTO компонент_заказа (id_заказа, id_товара) VALUES (26, 13);
INSERT INTO компонент_заказа (id_заказа, id_товара) VALUES (26, 28);
INSERT INTO компонент_заказа (id_заказа, id_товара) VALUES (26, 17);
INSERT INTO компонент_заказа (id_заказа, id_товара) VALUES (26, 22);
INSERT INTO компонент_заказа (id_заказа, id_товара) VALUES (27, 40);
INSERT INTO компонент_заказа (id_заказа, id_товара) VALUES (27, 10);
INSERT INTO компонент_заказа (id_заказа, id_товара) VALUES (27, 17);
INSERT INTO компонент_заказа (id_заказа, id_товара) VALUES (27, 42);
INSERT INTO компонент_заказа (id_заказа, id_товара) VALUES (27, 13);
INSERT INTO компонент_заказа (id_заказа, id_товара) VALUES (27, 31);
INSERT INTO компонент_заказа (id_заказа, id_товара) VALUES (27, 17);
INSERT INTO компонент_заказа (id_заказа, id_товара) VALUES (28, 32);
INSERT INTO компонент_заказа (id_заказа, id_товара) VALUES (28, 32);
INSERT INTO компонент_заказа (id_заказа, id_товара) VALUES (28, 28);
INSERT INTO компонент_заказа (id_заказа, id_товара) VALUES (29, 14);
INSERT INTO компонент_заказа (id_заказа, id_товара) VALUES (29, 7);
INSERT INTO компонент_заказа (id_заказа, id_товара) VALUES (29, 14);
INSERT INTO компонент_заказа (id_заказа, id_товара) VALUES (29, 35);
INSERT INTO компонент_заказа (id_заказа, id_товара) VALUES (29, 28);
INSERT INTO компонент_заказа (id_заказа, id_товара) VALUES (30, 34);
INSERT INTO компонент_заказа (id_заказа, id_товара) VALUES (30, 25);
INSERT INTO компонент_заказа (id_заказа, id_товара) VALUES (30, 32);
INSERT INTO компонент_заказа (id_заказа, id_товара) VALUES (30, 23);
INSERT INTO компонент_заказа (id_заказа, id_товара) VALUES (30, 23);
INSERT INTO компонент_заказа (id_заказа, id_товара) VALUES (30, 18);
INSERT INTO компонент_заказа (id_заказа, id_товара) VALUES (30, 32);
INSERT INTO компонент_заказа (id_заказа, id_товара) VALUES (32, 33);
INSERT INTO компонент_заказа (id_заказа, id_товара) VALUES (32, 7);
INSERT INTO компонент_заказа (id_заказа, id_товара) VALUES (32, 23);
INSERT INTO компонент_заказа (id_заказа, id_товара) VALUES (32, 40);
INSERT INTO компонент_заказа (id_заказа, id_товара) VALUES (32, 7);
INSERT INTO компонент_заказа (id_заказа, id_товара) VALUES (33, 27);
INSERT INTO компонент_заказа (id_заказа, id_товара) VALUES (33, 1);
INSERT INTO компонент_заказа (id_заказа, id_товара) VALUES (33, 26);
INSERT INTO компонент_заказа (id_заказа, id_товара) VALUES (33, 10);
INSERT INTO компонент_заказа (id_заказа, id_товара) VALUES (34, 19);
INSERT INTO компонент_заказа (id_заказа, id_товара) VALUES (34, 11);
INSERT INTO компонент_заказа (id_заказа, id_товара) VALUES (34, 14);
INSERT INTO компонент_заказа (id_заказа, id_товара) VALUES (34, 9);
INSERT INTO компонент_заказа (id_заказа, id_товара) VALUES (34, 19);
INSERT INTO компонент_заказа (id_заказа, id_товара) VALUES (34, 7);
INSERT INTO компонент_заказа (id_заказа, id_товара) VALUES (34, 38);
INSERT INTO компонент_заказа (id_заказа, id_товара) VALUES (34, 4);
INSERT INTO компонент_заказа (id_заказа, id_товара) VALUES (35, 11);
INSERT INTO компонент_заказа (id_заказа, id_товара) VALUES (35, 3);
INSERT INTO компонент_заказа (id_заказа, id_товара) VALUES (35, 2);
INSERT INTO компонент_заказа (id_заказа, id_товара) VALUES (35, 25);
INSERT INTO компонент_заказа (id_заказа, id_товара) VALUES (35, 31);
INSERT INTO компонент_заказа (id_заказа, id_товара) VALUES (35, 4);
INSERT INTO компонент_заказа (id_заказа, id_товара) VALUES (36, 34);
INSERT INTO компонент_заказа (id_заказа, id_товара) VALUES (36, 6);
INSERT INTO компонент_заказа (id_заказа, id_товара) VALUES (36, 31);
INSERT INTO компонент_заказа (id_заказа, id_товара) VALUES (36, 18);
INSERT INTO компонент_заказа (id_заказа, id_товара) VALUES (37, 40);
INSERT INTO компонент_заказа (id_заказа, id_товара) VALUES (37, 24);
INSERT INTO компонент_заказа (id_заказа, id_товара) VALUES (37, 15);
INSERT INTO компонент_заказа (id_заказа, id_товара) VALUES (37, 37);
INSERT INTO компонент_заказа (id_заказа, id_товара) VALUES (37, 2);
INSERT INTO компонент_заказа (id_заказа, id_товара) VALUES (37, 8);
INSERT INTO компонент_заказа (id_заказа, id_товара) VALUES (37, 17);
INSERT INTO компонент_заказа (id_заказа, id_товара) VALUES (37, 5);
INSERT INTO компонент_заказа (id_заказа, id_товара) VALUES (37, 35);
INSERT INTO компонент_заказа (id_заказа, id_товара) VALUES (38, 9);
INSERT INTO компонент_заказа (id_заказа, id_товара) VALUES (38, 25);
INSERT INTO компонент_заказа (id_заказа, id_товара) VALUES (38, 13);
INSERT INTO компонент_заказа (id_заказа, id_товара) VALUES (38, 22);
INSERT INTO компонент_заказа (id_заказа, id_товара) VALUES (38, 29);
INSERT INTO компонент_заказа (id_заказа, id_товара) VALUES (38, 33);
INSERT INTO компонент_заказа (id_заказа, id_товара) VALUES (38, 35);
INSERT INTO компонент_заказа (id_заказа, id_товара) VALUES (38, 35);
INSERT INTO компонент_заказа (id_заказа, id_товара) VALUES (39, 4);
INSERT INTO компонент_заказа (id_заказа, id_товара) VALUES (39, 18);
INSERT INTO компонент_заказа (id_заказа, id_товара) VALUES (40, 5);
INSERT INTO компонент_заказа (id_заказа, id_товара) VALUES (40, 14);
INSERT INTO компонент_заказа (id_заказа, id_товара) VALUES (40, 11);
INSERT INTO компонент_заказа (id_заказа, id_товара) VALUES (40, 35);
INSERT INTO компонент_заказа (id_заказа, id_товара) VALUES (40, 13);
INSERT INTO компонент_заказа (id_заказа, id_товара) VALUES (41, 34);
INSERT INTO компонент_заказа (id_заказа, id_товара) VALUES (41, 7);
INSERT INTO компонент_заказа (id_заказа, id_товара) VALUES (42, 4);
INSERT INTO компонент_заказа (id_заказа, id_товара) VALUES (42, 12);
INSERT INTO компонент_заказа (id_заказа, id_товара) VALUES (42, 41);
INSERT INTO компонент_заказа (id_заказа, id_товара) VALUES (42, 17);
INSERT INTO компонент_заказа (id_заказа, id_товара) VALUES (42, 14);
INSERT INTO компонент_заказа (id_заказа, id_товара) VALUES (42, 39);
INSERT INTO компонент_заказа (id_заказа, id_товара) VALUES (43, 35);
INSERT INTO компонент_заказа (id_заказа, id_товара) VALUES (43, 1);
INSERT INTO компонент_заказа (id_заказа, id_товара) VALUES (43, 5);
INSERT INTO компонент_заказа (id_заказа, id_товара) VALUES (43, 13);
INSERT INTO компонент_заказа (id_заказа, id_товара) VALUES (43, 4);
INSERT INTO компонент_заказа (id_заказа, id_товара) VALUES (43, 14);
INSERT INTO компонент_заказа (id_заказа, id_товара) VALUES (43, 1);
INSERT INTO компонент_заказа (id_заказа, id_товара) VALUES (43, 38);
INSERT INTO компонент_заказа (id_заказа, id_товара) VALUES (44, 14);
INSERT INTO компонент_заказа (id_заказа, id_товара) VALUES (44, 29);
INSERT INTO компонент_заказа (id_заказа, id_товара) VALUES (45, 13);
INSERT INTO компонент_заказа (id_заказа, id_товара) VALUES (45, 25);
INSERT INTO компонент_заказа (id_заказа, id_товара) VALUES (45, 16);
INSERT INTO компонент_заказа (id_заказа, id_товара) VALUES (46, 35);
INSERT INTO компонент_заказа (id_заказа, id_товара) VALUES (47, 13);
INSERT INTO компонент_заказа (id_заказа, id_товара) VALUES (47, 41);
INSERT INTO компонент_заказа (id_заказа, id_товара) VALUES (47, 2);
INSERT INTO компонент_заказа (id_заказа, id_товара) VALUES (47, 11);
INSERT INTO компонент_заказа (id_заказа, id_товара) VALUES (47, 6);
INSERT INTO компонент_заказа (id_заказа, id_товара) VALUES (47, 37);
INSERT INTO компонент_заказа (id_заказа, id_товара) VALUES (47, 25);
INSERT INTO компонент_заказа (id_заказа, id_товара) VALUES (48, 37);
INSERT INTO компонент_заказа (id_заказа, id_товара) VALUES (48, 5);
INSERT INTO компонент_заказа (id_заказа, id_товара) VALUES (49, 31);
INSERT INTO компонент_заказа (id_заказа, id_товара) VALUES (49, 25);
INSERT INTO компонент_заказа (id_заказа, id_товара) VALUES (49, 39);
INSERT INTO компонент_заказа (id_заказа, id_товара) VALUES (49, 24);
INSERT INTO компонент_заказа (id_заказа, id_товара) VALUES (49, 23);
INSERT INTO компонент_заказа (id_заказа, id_товара) VALUES (49, 31);
INSERT INTO компонент_заказа (id_заказа, id_товара) VALUES (50, 17);
INSERT INTO компонент_заказа (id_заказа, id_товара) VALUES (50, 34);
INSERT INTO компонент_заказа (id_заказа, id_товара) VALUES (51, 16);
INSERT INTO компонент_заказа (id_заказа, id_товара) VALUES (51, 24);
INSERT INTO компонент_заказа (id_заказа, id_товара) VALUES (51, 19);
INSERT INTO компонент_заказа (id_заказа, id_товара) VALUES (51, 21);
INSERT INTO компонент_заказа (id_заказа, id_товара) VALUES (51, 35);
INSERT INTO компонент_заказа (id_заказа, id_товара) VALUES (52, 23);
INSERT INTO компонент_заказа (id_заказа, id_товара) VALUES (52, 40);
INSERT INTO компонент_заказа (id_заказа, id_товара) VALUES (52, 5);
INSERT INTO компонент_заказа (id_заказа, id_товара) VALUES (52, 2);
INSERT INTO компонент_заказа (id_заказа, id_товара) VALUES (52, 6);
INSERT INTO компонент_заказа (id_заказа, id_товара) VALUES (52, 23);
INSERT INTO компонент_заказа (id_заказа, id_товара) VALUES (52, 20);
INSERT INTO компонент_заказа (id_заказа, id_товара) VALUES (53, 31);
INSERT INTO компонент_заказа (id_заказа, id_товара) VALUES (53, 29);
INSERT INTO компонент_заказа (id_заказа, id_товара) VALUES (53, 32);
INSERT INTO компонент_заказа (id_заказа, id_товара) VALUES (53, 19);
INSERT INTO компонент_заказа (id_заказа, id_товара) VALUES (53, 39);
INSERT INTO компонент_заказа (id_заказа, id_товара) VALUES (53, 7);
INSERT INTO компонент_заказа (id_заказа, id_товара) VALUES (53, 2);
INSERT INTO компонент_заказа (id_заказа, id_товара) VALUES (53, 4);
INSERT INTO компонент_заказа (id_заказа, id_товара) VALUES (53, 32);
INSERT INTO компонент_заказа (id_заказа, id_товара) VALUES (54, 39);
INSERT INTO компонент_заказа (id_заказа, id_товара) VALUES (55, 10);
INSERT INTO компонент_заказа (id_заказа, id_товара) VALUES (55, 3);
INSERT INTO компонент_заказа (id_заказа, id_товара) VALUES (55, 3);
INSERT INTO компонент_заказа (id_заказа, id_товара) VALUES (55, 4);
INSERT INTO компонент_заказа (id_заказа, id_товара) VALUES (55, 7);
INSERT INTO компонент_заказа (id_заказа, id_товара) VALUES (55, 37);
INSERT INTO компонент_заказа (id_заказа, id_товара) VALUES (55, 15);
INSERT INTO компонент_заказа (id_заказа, id_товара) VALUES (55, 30);
INSERT INTO компонент_заказа (id_заказа, id_товара) VALUES (55, 31);
INSERT INTO компонент_заказа (id_заказа, id_товара) VALUES (56, 42);
INSERT INTO компонент_заказа (id_заказа, id_товара) VALUES (56, 24);
INSERT INTO компонент_заказа (id_заказа, id_товара) VALUES (56, 14);
INSERT INTO компонент_заказа (id_заказа, id_товара) VALUES (56, 11);
INSERT INTO компонент_заказа (id_заказа, id_товара) VALUES (56, 22);
INSERT INTO компонент_заказа (id_заказа, id_товара) VALUES (56, 39);
INSERT INTO компонент_заказа (id_заказа, id_товара) VALUES (56, 28);
INSERT INTO компонент_заказа (id_заказа, id_товара) VALUES (58, 41);
INSERT INTO компонент_заказа (id_заказа, id_товара) VALUES (58, 38);
INSERT INTO компонент_заказа (id_заказа, id_товара) VALUES (59, 4);
INSERT INTO компонент_заказа (id_заказа, id_товара) VALUES (59, 31);
INSERT INTO компонент_заказа (id_заказа, id_товара) VALUES (59, 7);
INSERT INTO компонент_заказа (id_заказа, id_товара) VALUES (59, 20);
INSERT INTO компонент_заказа (id_заказа, id_товара) VALUES (59, 42);
INSERT INTO компонент_заказа (id_заказа, id_товара) VALUES (59, 17);
INSERT INTO компонент_заказа (id_заказа, id_товара) VALUES (60, 15);
INSERT INTO компонент_заказа (id_заказа, id_товара) VALUES (60, 30);
INSERT INTO компонент_заказа (id_заказа, id_товара) VALUES (60, 1);
INSERT INTO компонент_заказа (id_заказа, id_товара) VALUES (61, 8);
INSERT INTO компонент_заказа (id_заказа, id_товара) VALUES (61, 26);
INSERT INTO компонент_заказа (id_заказа, id_товара) VALUES (61, 19);
INSERT INTO компонент_заказа (id_заказа, id_товара) VALUES (62, 24);
INSERT INTO компонент_заказа (id_заказа, id_товара) VALUES (62, 12);
INSERT INTO компонент_заказа (id_заказа, id_товара) VALUES (62, 5);
INSERT INTO компонент_заказа (id_заказа, id_товара) VALUES (62, 31);
INSERT INTO компонент_заказа (id_заказа, id_товара) VALUES (62, 32);
INSERT INTO компонент_заказа (id_заказа, id_товара) VALUES (62, 21);
INSERT INTO компонент_заказа (id_заказа, id_товара) VALUES (62, 41);
INSERT INTO компонент_заказа (id_заказа, id_товара) VALUES (62, 31);
INSERT INTO компонент_заказа (id_заказа, id_товара) VALUES (62, 17);
INSERT INTO компонент_заказа (id_заказа, id_товара) VALUES (64, 36);
INSERT INTO компонент_заказа (id_заказа, id_товара) VALUES (64, 11);
INSERT INTO компонент_заказа (id_заказа, id_товара) VALUES (64, 19);
INSERT INTO компонент_заказа (id_заказа, id_товара) VALUES (64, 11);
INSERT INTO компонент_заказа (id_заказа, id_товара) VALUES (64, 23);
INSERT INTO компонент_заказа (id_заказа, id_товара) VALUES (64, 33);
INSERT INTO компонент_заказа (id_заказа, id_товара) VALUES (65, 7);
INSERT INTO компонент_заказа (id_заказа, id_товара) VALUES (65, 2);
INSERT INTO компонент_заказа (id_заказа, id_товара) VALUES (65, 4);
INSERT INTO компонент_заказа (id_заказа, id_товара) VALUES (65, 32);
INSERT INTO компонент_заказа (id_заказа, id_товара) VALUES (65, 35);
INSERT INTO компонент_заказа (id_заказа, id_товара) VALUES (65, 3);
INSERT INTO компонент_заказа (id_заказа, id_товара) VALUES (65, 31);
INSERT INTO компонент_заказа (id_заказа, id_товара) VALUES (65, 34);
INSERT INTO компонент_заказа (id_заказа, id_товара) VALUES (66, 28);
INSERT INTO компонент_заказа (id_заказа, id_товара) VALUES (66, 13);
INSERT INTO компонент_заказа (id_заказа, id_товара) VALUES (66, 17);
INSERT INTO компонент_заказа (id_заказа, id_товара) VALUES (66, 18);
INSERT INTO компонент_заказа (id_заказа, id_товара) VALUES (66, 9);
INSERT INTO компонент_заказа (id_заказа, id_товара) VALUES (66, 40);
INSERT INTO компонент_заказа (id_заказа, id_товара) VALUES (66, 6);
INSERT INTO компонент_заказа (id_заказа, id_товара) VALUES (66, 6);
INSERT INTO компонент_заказа (id_заказа, id_товара) VALUES (66, 42);
INSERT INTO компонент_заказа (id_заказа, id_товара) VALUES (67, 42);
INSERT INTO компонент_заказа (id_заказа, id_товара) VALUES (68, 36);
INSERT INTO компонент_заказа (id_заказа, id_товара) VALUES (68, 17);
INSERT INTO компонент_заказа (id_заказа, id_товара) VALUES (68, 22);
INSERT INTO компонент_заказа (id_заказа, id_товара) VALUES (68, 11);
INSERT INTO компонент_заказа (id_заказа, id_товара) VALUES (69, 37);
INSERT INTO компонент_заказа (id_заказа, id_товара) VALUES (69, 4);
INSERT INTO компонент_заказа (id_заказа, id_товара) VALUES (69, 32);
INSERT INTO компонент_заказа (id_заказа, id_товара) VALUES (69, 6);
INSERT INTO компонент_заказа (id_заказа, id_товара) VALUES (69, 2);
INSERT INTO компонент_заказа (id_заказа, id_товара) VALUES (69, 33);
INSERT INTO компонент_заказа (id_заказа, id_товара) VALUES (69, 29);
INSERT INTO компонент_заказа (id_заказа, id_товара) VALUES (70, 33);
INSERT INTO компонент_заказа (id_заказа, id_товара) VALUES (70, 24);
INSERT INTO компонент_заказа (id_заказа, id_товара) VALUES (71, 7);
INSERT INTO компонент_заказа (id_заказа, id_товара) VALUES (73, 24);
INSERT INTO компонент_заказа (id_заказа, id_товара) VALUES (73, 34);
INSERT INTO компонент_заказа (id_заказа, id_товара) VALUES (73, 22);
INSERT INTO компонент_заказа (id_заказа, id_товара) VALUES (73, 29);
INSERT INTO компонент_заказа (id_заказа, id_товара) VALUES (73, 4);
INSERT INTO компонент_заказа (id_заказа, id_товара) VALUES (73, 12);
INSERT INTO компонент_заказа (id_заказа, id_товара) VALUES (73, 29);
INSERT INTO компонент_заказа (id_заказа, id_товара) VALUES (73, 7);
INSERT INTO компонент_заказа (id_заказа, id_товара) VALUES (73, 25);
INSERT INTO компонент_заказа (id_заказа, id_товара) VALUES (74, 25);
INSERT INTO компонент_заказа (id_заказа, id_товара) VALUES (74, 23);
INSERT INTO компонент_заказа (id_заказа, id_товара) VALUES (74, 20);
INSERT INTO компонент_заказа (id_заказа, id_товара) VALUES (74, 13);
INSERT INTO компонент_заказа (id_заказа, id_товара) VALUES (74, 25);
INSERT INTO компонент_заказа (id_заказа, id_товара) VALUES (74, 34);
INSERT INTO компонент_заказа (id_заказа, id_товара) VALUES (74, 12);
INSERT INTO компонент_заказа (id_заказа, id_товара) VALUES (74, 10);
INSERT INTO компонент_заказа (id_заказа, id_товара) VALUES (75, 34);
INSERT INTO компонент_заказа (id_заказа, id_товара) VALUES (77, 3);
INSERT INTO компонент_заказа (id_заказа, id_товара) VALUES (77, 29);
INSERT INTO компонент_заказа (id_заказа, id_товара) VALUES (77, 7);
INSERT INTO компонент_заказа (id_заказа, id_товара) VALUES (78, 13);
INSERT INTO компонент_заказа (id_заказа, id_товара) VALUES (78, 37);
INSERT INTO компонент_заказа (id_заказа, id_товара) VALUES (78, 35);
INSERT INTO компонент_заказа (id_заказа, id_товара) VALUES (79, 12);
INSERT INTO компонент_заказа (id_заказа, id_товара) VALUES (79, 39);
INSERT INTO компонент_заказа (id_заказа, id_товара) VALUES (79, 35);
INSERT INTO компонент_заказа (id_заказа, id_товара) VALUES (79, 5);
INSERT INTO компонент_заказа (id_заказа, id_товара) VALUES (79, 3);
INSERT INTO компонент_заказа (id_заказа, id_товара) VALUES (79, 10);
INSERT INTO компонент_заказа (id_заказа, id_товара) VALUES (79, 32);
INSERT INTO компонент_заказа (id_заказа, id_товара) VALUES (79, 36);
INSERT INTO компонент_заказа (id_заказа, id_товара) VALUES (80, 32);
INSERT INTO компонент_заказа (id_заказа, id_товара) VALUES (80, 18);
INSERT INTO компонент_заказа (id_заказа, id_товара) VALUES (80, 10);
INSERT INTO компонент_заказа (id_заказа, id_товара) VALUES (80, 32);
INSERT INTO компонент_заказа (id_заказа, id_товара) VALUES (81, 4);
INSERT INTO компонент_заказа (id_заказа, id_товара) VALUES (81, 28);
INSERT INTO компонент_заказа (id_заказа, id_товара) VALUES (81, 26);
INSERT INTO компонент_заказа (id_заказа, id_товара) VALUES (81, 29);
INSERT INTO компонент_заказа (id_заказа, id_товара) VALUES (81, 25);
INSERT INTO компонент_заказа (id_заказа, id_товара) VALUES (82, 23);
INSERT INTO компонент_заказа (id_заказа, id_товара) VALUES (82, 23);
INSERT INTO компонент_заказа (id_заказа, id_товара) VALUES (82, 22);
INSERT INTO компонент_заказа (id_заказа, id_товара) VALUES (82, 30);
INSERT INTO компонент_заказа (id_заказа, id_товара) VALUES (82, 28);
INSERT INTO компонент_заказа (id_заказа, id_товара) VALUES (82, 30);
INSERT INTO компонент_заказа (id_заказа, id_товара) VALUES (82, 24);
INSERT INTO компонент_заказа (id_заказа, id_товара) VALUES (82, 20);
INSERT INTO компонент_заказа (id_заказа, id_товара) VALUES (82, 37);
INSERT INTO компонент_заказа (id_заказа, id_товара) VALUES (83, 35);
INSERT INTO компонент_заказа (id_заказа, id_товара) VALUES (83, 42);
INSERT INTO компонент_заказа (id_заказа, id_товара) VALUES (83, 42);
INSERT INTO компонент_заказа (id_заказа, id_товара) VALUES (83, 31);
INSERT INTO компонент_заказа (id_заказа, id_товара) VALUES (83, 1);
INSERT INTO компонент_заказа (id_заказа, id_товара) VALUES (84, 26);
INSERT INTO компонент_заказа (id_заказа, id_товара) VALUES (84, 9);
INSERT INTO компонент_заказа (id_заказа, id_товара) VALUES (84, 10);
INSERT INTO компонент_заказа (id_заказа, id_товара) VALUES (84, 29);
INSERT INTO компонент_заказа (id_заказа, id_товара) VALUES (84, 5);
INSERT INTO компонент_заказа (id_заказа, id_товара) VALUES (84, 19);
INSERT INTO компонент_заказа (id_заказа, id_товара) VALUES (84, 18);
INSERT INTO компонент_заказа (id_заказа, id_товара) VALUES (84, 16);
INSERT INTO компонент_заказа (id_заказа, id_товара) VALUES (84, 10);
INSERT INTO компонент_заказа (id_заказа, id_товара) VALUES (85, 22);
INSERT INTO компонент_заказа (id_заказа, id_товара) VALUES (85, 31);
INSERT INTO компонент_заказа (id_заказа, id_товара) VALUES (85, 36);
INSERT INTO компонент_заказа (id_заказа, id_товара) VALUES (86, 34);
INSERT INTO компонент_заказа (id_заказа, id_товара) VALUES (86, 18);
INSERT INTO компонент_заказа (id_заказа, id_товара) VALUES (86, 40);
INSERT INTO компонент_заказа (id_заказа, id_товара) VALUES (86, 9);
INSERT INTO компонент_заказа (id_заказа, id_товара) VALUES (86, 27);
INSERT INTO компонент_заказа (id_заказа, id_товара) VALUES (86, 28);
INSERT INTO компонент_заказа (id_заказа, id_товара) VALUES (86, 26);
INSERT INTO компонент_заказа (id_заказа, id_товара) VALUES (86, 16);
INSERT INTO компонент_заказа (id_заказа, id_товара) VALUES (86, 6);
INSERT INTO компонент_заказа (id_заказа, id_товара) VALUES (87, 38);
INSERT INTO компонент_заказа (id_заказа, id_товара) VALUES (87, 37);
INSERT INTO компонент_заказа (id_заказа, id_товара) VALUES (87, 23);
INSERT INTO компонент_заказа (id_заказа, id_товара) VALUES (87, 26);
INSERT INTO компонент_заказа (id_заказа, id_товара) VALUES (87, 17);
INSERT INTO компонент_заказа (id_заказа, id_товара) VALUES (87, 25);
INSERT INTO компонент_заказа (id_заказа, id_товара) VALUES (87, 12);
INSERT INTO компонент_заказа (id_заказа, id_товара) VALUES (87, 24);
INSERT INTO компонент_заказа (id_заказа, id_товара) VALUES (88, 17);
INSERT INTO компонент_заказа (id_заказа, id_товара) VALUES (88, 34);
INSERT INTO компонент_заказа (id_заказа, id_товара) VALUES (88, 2);
INSERT INTO компонент_заказа (id_заказа, id_товара) VALUES (88, 11);
INSERT INTO компонент_заказа (id_заказа, id_товара) VALUES (88, 31);
INSERT INTO компонент_заказа (id_заказа, id_товара) VALUES (89, 30);
INSERT INTO компонент_заказа (id_заказа, id_товара) VALUES (89, 1);
INSERT INTO компонент_заказа (id_заказа, id_товара) VALUES (90, 3);
INSERT INTO компонент_заказа (id_заказа, id_товара) VALUES (90, 38);
INSERT INTO компонент_заказа (id_заказа, id_товара) VALUES (91, 20);
INSERT INTO компонент_заказа (id_заказа, id_товара) VALUES (91, 39);
INSERT INTO компонент_заказа (id_заказа, id_товара) VALUES (91, 10);
INSERT INTO компонент_заказа (id_заказа, id_товара) VALUES (91, 2);
INSERT INTO компонент_заказа (id_заказа, id_товара) VALUES (91, 31);
INSERT INTO компонент_заказа (id_заказа, id_товара) VALUES (91, 3);
INSERT INTO компонент_заказа (id_заказа, id_товара) VALUES (91, 22);
INSERT INTO компонент_заказа (id_заказа, id_товара) VALUES (91, 3);
INSERT INTO компонент_заказа (id_заказа, id_товара) VALUES (92, 33);
INSERT INTO компонент_заказа (id_заказа, id_товара) VALUES (92, 41);
INSERT INTO компонент_заказа (id_заказа, id_товара) VALUES (92, 15);
INSERT INTO компонент_заказа (id_заказа, id_товара) VALUES (92, 31);
INSERT INTO компонент_заказа (id_заказа, id_товара) VALUES (92, 40);
INSERT INTO компонент_заказа (id_заказа, id_товара) VALUES (92, 30);
INSERT INTO компонент_заказа (id_заказа, id_товара) VALUES (94, 25);
INSERT INTO компонент_заказа (id_заказа, id_товара) VALUES (94, 27);
INSERT INTO компонент_заказа (id_заказа, id_товара) VALUES (94, 35);
INSERT INTO компонент_заказа (id_заказа, id_товара) VALUES (94, 30);
INSERT INTO компонент_заказа (id_заказа, id_товара) VALUES (94, 18);
INSERT INTO компонент_заказа (id_заказа, id_товара) VALUES (95, 42);
INSERT INTO компонент_заказа (id_заказа, id_товара) VALUES (95, 19);
INSERT INTO компонент_заказа (id_заказа, id_товара) VALUES (95, 3);
INSERT INTO компонент_заказа (id_заказа, id_товара) VALUES (95, 32);
INSERT INTO компонент_заказа (id_заказа, id_товара) VALUES (95, 23);
INSERT INTO компонент_заказа (id_заказа, id_товара) VALUES (95, 9);
INSERT INTO компонент_заказа (id_заказа, id_товара) VALUES (95, 25);
INSERT INTO компонент_заказа (id_заказа, id_товара) VALUES (95, 35);
INSERT INTO компонент_заказа (id_заказа, id_товара) VALUES (95, 26);
INSERT INTO компонент_заказа (id_заказа, id_товара) VALUES (96, 39);
INSERT INTO компонент_заказа (id_заказа, id_товара) VALUES (96, 33);
INSERT INTO компонент_заказа (id_заказа, id_товара) VALUES (96, 19);
INSERT INTO компонент_заказа (id_заказа, id_товара) VALUES (96, 11);
INSERT INTO компонент_заказа (id_заказа, id_товара) VALUES (98, 19);
INSERT INTO компонент_заказа (id_заказа, id_товара) VALUES (99, 20);
-- расписания
INSERT INTO расписание (id_клиента, состояние) VALUES (42, 'REDACTION');
INSERT INTO расписание (id_клиента, состояние) VALUES (49, 'REDACTION');
INSERT INTO расписание (id_клиента, состояние) VALUES (30, 'REDACTION');
INSERT INTO расписание (id_клиента, состояние) VALUES (22, 'HIDDEN');
INSERT INTO расписание (id_клиента, состояние) VALUES (18, 'REDACTION');
INSERT INTO расписание (id_клиента, состояние) VALUES (19, 'PUBLISHED');
INSERT INTO расписание (id_клиента, состояние) VALUES (26, 'REDACTION');
INSERT INTO расписание (id_клиента, состояние) VALUES (44, 'PUBLISHED');
INSERT INTO расписание (id_клиента, состояние) VALUES (39, 'PUBLISHED');
INSERT INTO расписание (id_клиента, состояние) VALUES (41, 'HIDDEN');
-- записи расписаний
INSERT INTO запись_расписания (id_расписания, id_заказа, день_недели, время) VALUES (1, 22, 7, '18:46');
INSERT INTO запись_расписания (id_расписания, id_заказа, день_недели, время) VALUES (1, 58, 4, '18:8');
INSERT INTO запись_расписания (id_расписания, id_заказа, день_недели, время) VALUES (1, 17, 4, '19:55');
INSERT INTO запись_расписания (id_расписания, id_заказа, день_недели, время) VALUES (1, 92, 3, '10:6');
INSERT INTO запись_расписания (id_расписания, id_заказа, день_недели, время) VALUES (1, 24, 6, '11:31');
INSERT INTO запись_расписания (id_расписания, id_заказа, день_недели, время) VALUES (1, 56, 2, '15:20');
INSERT INTO запись_расписания (id_расписания, id_заказа, день_недели, время) VALUES (1, 27, 6, '17:56');
INSERT INTO запись_расписания (id_расписания, id_заказа, день_недели, время) VALUES (2, 56, 2, '11:58');
INSERT INTO запись_расписания (id_расписания, id_заказа, день_недели, время) VALUES (2, 69, 4, '20:50');
INSERT INTO запись_расписания (id_расписания, id_заказа, день_недели, время) VALUES (2, 31, 7, '15:20');
INSERT INTO запись_расписания (id_расписания, id_заказа, день_недели, время) VALUES (2, 29, 7, '15:29');
INSERT INTO запись_расписания (id_расписания, id_заказа, день_недели, время) VALUES (2, 64, 3, '16:58');
INSERT INTO запись_расписания (id_расписания, id_заказа, день_недели, время) VALUES (2, 73, 5, '12:2');
INSERT INTO запись_расписания (id_расписания, id_заказа, день_недели, время) VALUES (2, 30, 6, '11:50');
INSERT INTO запись_расписания (id_расписания, id_заказа, день_недели, время) VALUES (3, 42, 4, '11:33');
INSERT INTO запись_расписания (id_расписания, id_заказа, день_недели, время) VALUES (3, 76, 5, '14:32');
INSERT INTO запись_расписания (id_расписания, id_заказа, день_недели, время) VALUES (3, 39, 6, '16:13');
INSERT INTO запись_расписания (id_расписания, id_заказа, день_недели, время) VALUES (3, 87, 3, '8:37');
INSERT INTO запись_расписания (id_расписания, id_заказа, день_недели, время) VALUES (3, 54, 1, '15:49');
INSERT INTO запись_расписания (id_расписания, id_заказа, день_недели, время) VALUES (3, 11, 5, '16:13');
INSERT INTO запись_расписания (id_расписания, id_заказа, день_недели, время) VALUES (3, 6, 4, '14:15');
INSERT INTO запись_расписания (id_расписания, id_заказа, день_недели, время) VALUES (4, 54, 2, '10:7');
INSERT INTO запись_расписания (id_расписания, id_заказа, день_недели, время) VALUES (4, 3, 7, '10:6');
INSERT INTO запись_расписания (id_расписания, id_заказа, день_недели, время) VALUES (4, 61, 3, '12:26');
INSERT INTO запись_расписания (id_расписания, id_заказа, день_недели, время) VALUES (4, 6, 7, '11:20');
INSERT INTO запись_расписания (id_расписания, id_заказа, день_недели, время) VALUES (4, 2, 6, '10:37');
INSERT INTO запись_расписания (id_расписания, id_заказа, день_недели, время) VALUES (4, 89, 2, '16:3');
INSERT INTO запись_расписания (id_расписания, id_заказа, день_недели, время) VALUES (4, 42, 1, '16:44');
INSERT INTO запись_расписания (id_расписания, id_заказа, день_недели, время) VALUES (5, 63, 7, '8:22');
INSERT INTO запись_расписания (id_расписания, id_заказа, день_недели, время) VALUES (5, 82, 2, '18:57');
INSERT INTO запись_расписания (id_расписания, id_заказа, день_недели, время) VALUES (5, 8, 2, '13:25');
INSERT INTO запись_расписания (id_расписания, id_заказа, день_недели, время) VALUES (5, 42, 3, '9:35');
INSERT INTO запись_расписания (id_расписания, id_заказа, день_недели, время) VALUES (5, 23, 2, '8:27');
INSERT INTO запись_расписания (id_расписания, id_заказа, день_недели, время) VALUES (5, 8, 1, '20:41');
INSERT INTO запись_расписания (id_расписания, id_заказа, день_недели, время) VALUES (5, 1, 3, '12:37');
INSERT INTO запись_расписания (id_расписания, id_заказа, день_недели, время) VALUES (6, 45, 7, '12:10');
INSERT INTO запись_расписания (id_расписания, id_заказа, день_недели, время) VALUES (6, 39, 3, '12:36');
INSERT INTO запись_расписания (id_расписания, id_заказа, день_недели, время) VALUES (6, 82, 2, '14:21');
INSERT INTO запись_расписания (id_расписания, id_заказа, день_недели, время) VALUES (6, 22, 5, '20:33');
INSERT INTO запись_расписания (id_расписания, id_заказа, день_недели, время) VALUES (6, 65, 2, '13:1');
INSERT INTO запись_расписания (id_расписания, id_заказа, день_недели, время) VALUES (6, 6, 2, '8:12');
INSERT INTO запись_расписания (id_расписания, id_заказа, день_недели, время) VALUES (6, 90, 4, '12:28');
INSERT INTO запись_расписания (id_расписания, id_заказа, день_недели, время) VALUES (7, 89, 5, '15:20');
INSERT INTO запись_расписания (id_расписания, id_заказа, день_недели, время) VALUES (7, 57, 1, '17:54');
INSERT INTO запись_расписания (id_расписания, id_заказа, день_недели, время) VALUES (7, 31, 2, '14:24');
INSERT INTO запись_расписания (id_расписания, id_заказа, день_недели, время) VALUES (7, 62, 6, '12:36');
INSERT INTO запись_расписания (id_расписания, id_заказа, день_недели, время) VALUES (7, 41, 3, '13:25');
INSERT INTO запись_расписания (id_расписания, id_заказа, день_недели, время) VALUES (7, 99, 3, '12:0');
INSERT INTO запись_расписания (id_расписания, id_заказа, день_недели, время) VALUES (7, 81, 1, '13:5');
INSERT INTO запись_расписания (id_расписания, id_заказа, день_недели, время) VALUES (8, 5, 6, '9:12');
INSERT INTO запись_расписания (id_расписания, id_заказа, день_недели, время) VALUES (8, 32, 6, '13:10');
INSERT INTO запись_расписания (id_расписания, id_заказа, день_недели, время) VALUES (8, 91, 2, '18:22');
INSERT INTO запись_расписания (id_расписания, id_заказа, день_недели, время) VALUES (8, 39, 1, '8:30');
INSERT INTO запись_расписания (id_расписания, id_заказа, день_недели, время) VALUES (8, 32, 2, '18:13');
INSERT INTO запись_расписания (id_расписания, id_заказа, день_недели, время) VALUES (8, 95, 3, '12:18');
INSERT INTO запись_расписания (id_расписания, id_заказа, день_недели, время) VALUES (8, 71, 6, '8:16');
INSERT INTO запись_расписания (id_расписания, id_заказа, день_недели, время) VALUES (9, 36, 3, '15:42');
INSERT INTO запись_расписания (id_расписания, id_заказа, день_недели, время) VALUES (9, 72, 2, '16:25');
INSERT INTO запись_расписания (id_расписания, id_заказа, день_недели, время) VALUES (9, 68, 2, '17:37');
INSERT INTO запись_расписания (id_расписания, id_заказа, день_недели, время) VALUES (9, 25, 7, '11:25');
INSERT INTO запись_расписания (id_расписания, id_заказа, день_недели, время) VALUES (9, 98, 2, '11:24');
INSERT INTO запись_расписания (id_расписания, id_заказа, день_недели, время) VALUES (9, 66, 6, '13:39');
INSERT INTO запись_расписания (id_расписания, id_заказа, день_недели, время) VALUES (9, 47, 1, '17:5');
INSERT INTO запись_расписания (id_расписания, id_заказа, день_недели, время) VALUES (10, 45, 6, '10:53');
INSERT INTO запись_расписания (id_расписания, id_заказа, день_недели, время) VALUES (10, 61, 1, '10:51');
INSERT INTO запись_расписания (id_расписания, id_заказа, день_недели, время) VALUES (10, 63, 5, '15:56');
INSERT INTO запись_расписания (id_расписания, id_заказа, день_недели, время) VALUES (10, 25, 1, '16:7');
INSERT INTO запись_расписания (id_расписания, id_заказа, день_недели, время) VALUES (10, 8, 3, '19:23');
INSERT INTO запись_расписания (id_расписания, id_заказа, день_недели, время) VALUES (10, 21, 1, '15:40');
INSERT INTO запись_расписания (id_расписания, id_заказа, день_недели, время) VALUES (10, 91, 7, '19:56');
-- оценки кофе
INSERT INTO оценка (оценка, отзыв) VALUES (2, 'абсолютный кофе'
                                          );
INSERT INTO оценка_кофе (id_оценки, id_кофе) VALUES (1, 42);
INSERT INTO оценка (оценка, отзыв) VALUES (1, 'адский кофе'
                                          );
INSERT INTO оценка_кофе (id_оценки, id_кофе) VALUES (2, 17);
INSERT INTO оценка (оценка, отзыв) VALUES (1, 'азартный кофе'
                                          );
INSERT INTO оценка_кофе (id_оценки, id_кофе) VALUES (3, 42);
INSERT INTO оценка (оценка, отзыв) VALUES (3, 'активный кофе'
                                          );
INSERT INTO оценка_кофе (id_оценки, id_кофе) VALUES (4, 19);
INSERT INTO оценка (оценка, отзыв) VALUES (2, 'ангельский кофе'
                                          );
INSERT INTO оценка_кофе (id_оценки, id_кофе) VALUES (5, 39);
INSERT INTO оценка (оценка, отзыв) VALUES (5, 'антагонистический кофе'
                                          );
INSERT INTO оценка_кофе (id_оценки, id_кофе) VALUES (6, 29);
INSERT INTO оценка (оценка, отзыв) VALUES (5, 'арктический кофе'
                                          );
INSERT INTO оценка_кофе (id_оценки, id_кофе) VALUES (7, 22);
INSERT INTO оценка (оценка, отзыв) VALUES (2, 'астрономический кофе'
                                          );
INSERT INTO оценка_кофе (id_оценки, id_кофе) VALUES (8, 29);
INSERT INTO оценка (оценка, отзыв) VALUES (3, 'баснословный кофе'
                                          );
INSERT INTO оценка_кофе (id_оценки, id_кофе) VALUES (9, 22);
INSERT INTO оценка (оценка, отзыв) VALUES (3, 'безапелляционный кофе'
                                          );
INSERT INTO оценка_кофе (id_оценки, id_кофе) VALUES (10, 37);
INSERT INTO оценка (оценка, отзыв) VALUES (3, 'безбожный кофе'
                                          );
INSERT INTO оценка_кофе (id_оценки, id_кофе) VALUES (11, 23);
INSERT INTO оценка (оценка, отзыв) VALUES (3, 'безбрежный кофе'
                                          );
INSERT INTO оценка_кофе (id_оценки, id_кофе) VALUES (12, 38);
INSERT INTO оценка (оценка, отзыв) VALUES (5, 'безвозвратный кофе'
                                          );
INSERT INTO оценка_кофе (id_оценки, id_кофе) VALUES (13, 29);
INSERT INTO оценка (оценка, отзыв) VALUES (5, 'безграничный кофе'
                                          );
INSERT INTO оценка_кофе (id_оценки, id_кофе) VALUES (14, 22);
INSERT INTO оценка (оценка, отзыв) VALUES (5, 'бездонный кофе'
                                          );
INSERT INTO оценка_кофе (id_оценки, id_кофе) VALUES (15, 41);
INSERT INTO оценка (оценка, отзыв) VALUES (2, 'бездушный кофе'
                                          );
INSERT INTO оценка_кофе (id_оценки, id_кофе) VALUES (16, 19);
INSERT INTO оценка (оценка, отзыв) VALUES (2, 'безжалостный кофе'
                                          );
INSERT INTO оценка_кофе (id_оценки, id_кофе) VALUES (17, 40);
INSERT INTO оценка (оценка, отзыв) VALUES (2, 'беззаветный кофе'
                                          );
INSERT INTO оценка_кофе (id_оценки, id_кофе) VALUES (18, 17);
INSERT INTO оценка (оценка, отзыв) VALUES (4, 'беззастенчивый кофе'
                                          );
INSERT INTO оценка_кофе (id_оценки, id_кофе) VALUES (19, 24);
INSERT INTO оценка (оценка, отзыв) VALUES (4, 'безмерный кофе'
                                          );
INSERT INTO оценка_кофе (id_оценки, id_кофе) VALUES (20, 19);
INSERT INTO оценка (оценка, отзыв) VALUES (4, 'безмятежный кофе'
                                          );
INSERT INTO оценка_кофе (id_оценки, id_кофе) VALUES (21, 29);
INSERT INTO оценка (оценка, отзыв) VALUES (5, 'безнадежный кофе'
                                          );
INSERT INTO оценка_кофе (id_оценки, id_кофе) VALUES (22, 30);
INSERT INTO оценка (оценка, отзыв) VALUES (3, 'безоговорочный кофе'
                                          );
INSERT INTO оценка_кофе (id_оценки, id_кофе) VALUES (23, 18);
INSERT INTO оценка (оценка, отзыв) VALUES (5, 'безотлагательный кофе'
                                          );
INSERT INTO оценка_кофе (id_оценки, id_кофе) VALUES (24, 41);
INSERT INTO оценка (оценка, отзыв) VALUES (1, 'безраздельный кофе'
                                          );
INSERT INTO оценка_кофе (id_оценки, id_кофе) VALUES (25, 37);
INSERT INTO оценка (оценка, отзыв) VALUES (2, 'безрассудный кофе'
                                          );
INSERT INTO оценка_кофе (id_оценки, id_кофе) VALUES (26, 40);
INSERT INTO оценка (оценка, отзыв) VALUES (3, 'безропотный кофе'
                                          );
INSERT INTO оценка_кофе (id_оценки, id_кофе) VALUES (27, 32);
INSERT INTO оценка (оценка, отзыв) VALUES (5, 'безудержный кофе'
                                          );
INSERT INTO оценка_кофе (id_оценки, id_кофе) VALUES (28, 22);
INSERT INTO оценка (оценка, отзыв) VALUES (3, 'безукоризненный кофе'
                                          );
INSERT INTO оценка_кофе (id_оценки, id_кофе) VALUES (29, 16);
INSERT INTO оценка (оценка, отзыв) VALUES (1, 'безумный кофе'
                                          );
INSERT INTO оценка_кофе (id_оценки, id_кофе) VALUES (30, 32);
INSERT INTO оценка (оценка, отзыв) VALUES (1, 'безупречный кофе'
                                          );
INSERT INTO оценка_кофе (id_оценки, id_кофе) VALUES (31, 24);
INSERT INTO оценка (оценка, отзыв) VALUES (1, 'безусловный кофе'
                                          );
INSERT INTO оценка_кофе (id_оценки, id_кофе) VALUES (32, 35);
INSERT INTO оценка (оценка, отзыв) VALUES (2, 'безустанный кофе'
                                          );
INSERT INTO оценка_кофе (id_оценки, id_кофе) VALUES (33, 33);
INSERT INTO оценка (оценка, отзыв) VALUES (2, 'безутешный кофе'
                                          );
INSERT INTO оценка_кофе (id_оценки, id_кофе) VALUES (34, 15);
INSERT INTO оценка (оценка, отзыв) VALUES (2, 'безысходный кофе'
                                          );
INSERT INTO оценка_кофе (id_оценки, id_кофе) VALUES (35, 28);
INSERT INTO оценка (оценка, отзыв) VALUES (5, 'белоснежный кофе'
                                          );
INSERT INTO оценка_кофе (id_оценки, id_кофе) VALUES (36, 21);
INSERT INTO оценка (оценка, отзыв) VALUES (1, 'бескомпромиссный кофе'
                                          );
INSERT INTO оценка_кофе (id_оценки, id_кофе) VALUES (37, 15);
INSERT INTO оценка (оценка, отзыв) VALUES (1, 'бесконечный кофе'
                                          );
INSERT INTO оценка_кофе (id_оценки, id_кофе) VALUES (38, 33);
INSERT INTO оценка (оценка, отзыв) VALUES (4, 'беспардонный кофе'
                                          );
INSERT INTO оценка_кофе (id_оценки, id_кофе) VALUES (39, 19);
INSERT INTO оценка (оценка, отзыв) VALUES (1, 'бесповоротный кофе'
                                          );
INSERT INTO оценка_кофе (id_оценки, id_кофе) VALUES (40, 21);
INSERT INTO оценка (оценка, отзыв) VALUES (4, 'беспощадный кофе'
                                          );
INSERT INTO оценка_кофе (id_оценки, id_кофе) VALUES (41, 18);
INSERT INTO оценка (оценка, отзыв) VALUES (3, 'беспредельный кофе'
                                          );
INSERT INTO оценка_кофе (id_оценки, id_кофе) VALUES (42, 22);
INSERT INTO оценка (оценка, отзыв) VALUES (5, 'беспрекословный кофе'
                                          );
INSERT INTO оценка_кофе (id_оценки, id_кофе) VALUES (43, 29);
INSERT INTO оценка (оценка, отзыв) VALUES (5, 'беспрецедентный кофе'
                                          );
INSERT INTO оценка_кофе (id_оценки, id_кофе) VALUES (44, 33);
INSERT INTO оценка (оценка, отзыв) VALUES (5, 'беспримерный кофе'
                                          );
INSERT INTO оценка_кофе (id_оценки, id_кофе) VALUES (45, 37);
INSERT INTO оценка (оценка, отзыв) VALUES (2, 'беспробудный кофе'
                                          );
INSERT INTO оценка_кофе (id_оценки, id_кофе) VALUES (46, 18);
INSERT INTO оценка (оценка, отзыв) VALUES (3, 'беспроглядный кофе'
                                          );
INSERT INTO оценка_кофе (id_оценки, id_кофе) VALUES (47, 26);
INSERT INTO оценка (оценка, отзыв) VALUES (2, 'беспросветный кофе'
                                          );
INSERT INTO оценка_кофе (id_оценки, id_кофе) VALUES (48, 28);
INSERT INTO оценка (оценка, отзыв) VALUES (5, 'беспросыпный кофе'
                                          );
INSERT INTO оценка_кофе (id_оценки, id_кофе) VALUES (49, 35);
INSERT INTO оценка (оценка, отзыв) VALUES (1, 'бессовестный кофе'
                                          );
INSERT INTO оценка_кофе (id_оценки, id_кофе) VALUES (50, 31);
-- оценки расписаний
INSERT INTO оценка (оценка, отзыв) VALUES (2, 'бесстыдный кофе'
                                          );
INSERT INTO оценка_расписания (id_оценки, id_расписания) VALUES (51, 9);
INSERT INTO оценка (оценка, отзыв) VALUES (5, 'бесценный кофе'
                                          );
INSERT INTO оценка_расписания (id_оценки, id_расписания) VALUES (52, 6);
INSERT INTO оценка (оценка, отзыв) VALUES (2, 'бесчеловечный кофе'
                                          );
INSERT INTO оценка_расписания (id_оценки, id_расписания) VALUES (53, 6);
INSERT INTO оценка (оценка, отзыв) VALUES (4, 'бесчисленный кофе'
                                          );
INSERT INTO оценка_расписания (id_оценки, id_расписания) VALUES (54, 2);
INSERT INTO оценка (оценка, отзыв) VALUES (3, 'бесшабашный кофе'
                                          );
INSERT INTO оценка_расписания (id_оценки, id_расписания) VALUES (55, 8);
INSERT INTO оценка (оценка, отзыв) VALUES (1, 'бешеный кофе'
                                          );
INSERT INTO оценка_расписания (id_оценки, id_расписания) VALUES (56, 4);
INSERT INTO оценка (оценка, отзыв) VALUES (4, 'блестящий кофе'
                                          );
INSERT INTO оценка_расписания (id_оценки, id_расписания) VALUES (57, 1);
INSERT INTO оценка (оценка, отзыв) VALUES (2, 'богатый кофе'
                                          );
INSERT INTO оценка_расписания (id_оценки, id_расписания) VALUES (58, 5);
INSERT INTO оценка (оценка, отзыв) VALUES (3, 'богатырский кофе'
                                          );
INSERT INTO оценка_расписания (id_оценки, id_расписания) VALUES (59, 5);
INSERT INTO оценка (оценка, отзыв) VALUES (4, 'большой кофе'
                                          );
INSERT INTO оценка_расписания (id_оценки, id_расписания) VALUES (60, 7);
INSERT INTO оценка (оценка, отзыв) VALUES (5, 'буйный кофе'
                                          );
INSERT INTO оценка_расписания (id_оценки, id_расписания) VALUES (61, 3);
INSERT INTO оценка (оценка, отзыв) VALUES (2, 'бурный кофе'
                                          );
INSERT INTO оценка_расписания (id_оценки, id_расписания) VALUES (62, 5);
INSERT INTO оценка (оценка, отзыв) VALUES (2, 'варварский кофе'
                                          );
INSERT INTO оценка_расписания (id_оценки, id_расписания) VALUES (63, 9);
INSERT INTO оценка (оценка, отзыв) VALUES (5, 'великий кофе'
                                          );
INSERT INTO оценка_расписания (id_оценки, id_расписания) VALUES (64, 7);
INSERT INTO оценка (оценка, отзыв) VALUES (3, 'величайший кофе'
                                          );
INSERT INTO оценка_расписания (id_оценки, id_расписания) VALUES (65, 2);
INSERT INTO оценка (оценка, отзыв) VALUES (4, 'веский кофе'
                                          );
INSERT INTO оценка_расписания (id_оценки, id_расписания) VALUES (66, 9);
INSERT INTO оценка (оценка, отзыв) VALUES (2, 'весомый кофе'
                                          );
INSERT INTO оценка_расписания (id_оценки, id_расписания) VALUES (67, 7);
INSERT INTO оценка (оценка, отзыв) VALUES (3, 'внушительный кофе'
                                          );
INSERT INTO оценка_расписания (id_оценки, id_расписания) VALUES (68, 3);
INSERT INTO оценка (оценка, отзыв) VALUES (3, 'возмутительный кофе'
                                          );
INSERT INTO оценка_расписания (id_оценки, id_расписания) VALUES (69, 8);
INSERT INTO оценка (оценка, отзыв) VALUES (4, 'волчий кофе'
                                          );
INSERT INTO оценка_расписания (id_оценки, id_расписания) VALUES (70, 7);
INSERT INTO оценка (оценка, отзыв) VALUES (4, 'вопиющий кофе'
                                          );
INSERT INTO оценка_расписания (id_оценки, id_расписания) VALUES (71, 5);
INSERT INTO оценка (оценка, отзыв) VALUES (5, 'восторженный кофе'
                                          );
INSERT INTO оценка_расписания (id_оценки, id_расписания) VALUES (72, 2);
INSERT INTO оценка (оценка, отзыв) VALUES (4, 'впечатляющий кофе'
                                          );
INSERT INTO оценка_расписания (id_оценки, id_расписания) VALUES (73, 2);
INSERT INTO оценка (оценка, отзыв) VALUES (4, 'всемерный кофе'
                                          );
INSERT INTO оценка_расписания (id_оценки, id_расписания) VALUES (74, 1);
INSERT INTO оценка (оценка, отзыв) VALUES (4, 'всепоглощающий кофе'
                                          );
INSERT INTO оценка_расписания (id_оценки, id_расписания) VALUES (75, 8);
INSERT INTO оценка (оценка, отзыв) VALUES (1, 'всесильный кофе'
                                          );
INSERT INTO оценка_расписания (id_оценки, id_расписания) VALUES (76, 8);
INSERT INTO оценка (оценка, отзыв) VALUES (2, 'всесторонний кофе'
                                          );
INSERT INTO оценка_расписания (id_оценки, id_расписания) VALUES (77, 9);
INSERT INTO оценка (оценка, отзыв) VALUES (5, 'всяческий кофе'
                                          );
INSERT INTO оценка_расписания (id_оценки, id_расписания) VALUES (78, 1);
INSERT INTO оценка (оценка, отзыв) VALUES (1, 'выдающийся кофе'
                                          );
INSERT INTO оценка_расписания (id_оценки, id_расписания) VALUES (79, 1);
INSERT INTO оценка (оценка, отзыв) VALUES (1, 'вылитый кофе'
                                          );
INSERT INTO оценка_расписания (id_оценки, id_расписания) VALUES (80, 8);
INSERT INTO оценка (оценка, отзыв) VALUES (1, 'высокий кофе'
                                          );
INSERT INTO оценка_расписания (id_оценки, id_расписания) VALUES (81, 1);
INSERT INTO оценка (оценка, отзыв) VALUES (2, 'высший кофе'
                                          );
INSERT INTO оценка_расписания (id_оценки, id_расписания) VALUES (82, 3);
INSERT INTO оценка (оценка, отзыв) VALUES (4, 'галопирующий кофе'
                                          );
INSERT INTO оценка_расписания (id_оценки, id_расписания) VALUES (83, 8);
INSERT INTO оценка (оценка, отзыв) VALUES (3, 'гибельный кофе'
                                          );
INSERT INTO оценка_расписания (id_оценки, id_расписания) VALUES (84, 6);
INSERT INTO оценка (оценка, отзыв) VALUES (5, 'гигантский кофе'
                                          );
INSERT INTO оценка_расписания (id_оценки, id_расписания) VALUES (85, 3);
INSERT INTO оценка (оценка, отзыв) VALUES (3, 'глубокий кофе'
                                          );
INSERT INTO оценка_расписания (id_оценки, id_расписания) VALUES (86, 9);
INSERT INTO оценка (оценка, отзыв) VALUES (5, 'глубочайший кофе'
                                          );
INSERT INTO оценка_расписания (id_оценки, id_расписания) VALUES (87, 4);
INSERT INTO оценка (оценка, отзыв) VALUES (5, 'глухой кофе'
                                          );
INSERT INTO оценка_расписания (id_оценки, id_расписания) VALUES (88, 5);
INSERT INTO оценка (оценка, отзыв) VALUES (4, 'головокружительный кофе'
                                          );
INSERT INTO оценка_расписания (id_оценки, id_расписания) VALUES (89, 4);
INSERT INTO оценка (оценка, отзыв) VALUES (5, 'гомерический кофе'
                                          );
INSERT INTO оценка_расписания (id_оценки, id_расписания) VALUES (90, 3);
INSERT INTO оценка (оценка, отзыв) VALUES (2, 'горький кофе'
                                          );
INSERT INTO оценка_расписания (id_оценки, id_расписания) VALUES (91, 1);
INSERT INTO оценка (оценка, отзыв) VALUES (1, 'горючий кофе'
                                          );
INSERT INTO оценка_расписания (id_оценки, id_расписания) VALUES (92, 1);
INSERT INTO оценка (оценка, отзыв) VALUES (4, 'горячий кофе'
                                          );
INSERT INTO оценка_расписания (id_оценки, id_расписания) VALUES (93, 6);
INSERT INTO оценка (оценка, отзыв) VALUES (3, 'грандиозный кофе'
                                          );
INSERT INTO оценка_расписания (id_оценки, id_расписания) VALUES (94, 6);
INSERT INTO оценка (оценка, отзыв) VALUES (4, 'гробовой кофе'
                                          );
INSERT INTO оценка_расписания (id_оценки, id_расписания) VALUES (95, 7);
INSERT INTO оценка (оценка, отзыв) VALUES (3, 'грозный кофе'
                                          );
INSERT INTO оценка_расписания (id_оценки, id_расписания) VALUES (96, 5);
INSERT INTO оценка (оценка, отзыв) VALUES (3, 'громадный кофе'
                                          );
INSERT INTO оценка_расписания (id_оценки, id_расписания) VALUES (97, 9);
INSERT INTO оценка (оценка, отзыв) VALUES (3, 'громкий кофе'
                                          );
INSERT INTO оценка_расписания (id_оценки, id_расписания) VALUES (98, 3);
INSERT INTO оценка (оценка, отзыв) VALUES (3, 'громоподобный кофе'
                                          );
INSERT INTO оценка_расписания (id_оценки, id_расписания) VALUES (99, 9);
INSERT INTO оценка (оценка, отзыв) VALUES (3, 'грубый кофе'
                                          );
INSERT INTO оценка_расписания (id_оценки, id_расписания) VALUES (100, 1);
-- любимые кофе
INSERT INTO любимые_кофе (id_клиента, id_кофе) VALUES (17, 33);
INSERT INTO любимые_кофе (id_клиента, id_кофе) VALUES (22, 24);
INSERT INTO любимые_кофе (id_клиента, id_кофе) VALUES (11, 33);
INSERT INTO любимые_кофе (id_клиента, id_кофе) VALUES (13, 37);
INSERT INTO любимые_кофе (id_клиента, id_кофе) VALUES (34, 17);
INSERT INTO любимые_кофе (id_клиента, id_кофе) VALUES (1, 25);
INSERT INTO любимые_кофе (id_клиента, id_кофе) VALUES (38, 29);
INSERT INTO любимые_кофе (id_клиента, id_кофе) VALUES (3, 23);
INSERT INTO любимые_кофе (id_клиента, id_кофе) VALUES (38, 17);
INSERT INTO любимые_кофе (id_клиента, id_кофе) VALUES (1, 16);
INSERT INTO любимые_кофе (id_клиента, id_кофе) VALUES (49, 14);
INSERT INTO любимые_кофе (id_клиента, id_кофе) VALUES (5, 37);
INSERT INTO любимые_кофе (id_клиента, id_кофе) VALUES (30, 36);
INSERT INTO любимые_кофе (id_клиента, id_кофе) VALUES (18, 26);
INSERT INTO любимые_кофе (id_клиента, id_кофе) VALUES (33, 42);
INSERT INTO любимые_кофе (id_клиента, id_кофе) VALUES (20, 27);
INSERT INTO любимые_кофе (id_клиента, id_кофе) VALUES (40, 34);
INSERT INTO любимые_кофе (id_клиента, id_кофе) VALUES (14, 18);
INSERT INTO любимые_кофе (id_клиента, id_кофе) VALUES (34, 28);
INSERT INTO любимые_кофе (id_клиента, id_кофе) VALUES (5, 19);
INSERT INTO любимые_кофе (id_клиента, id_кофе) VALUES (37, 15);
INSERT INTO любимые_кофе (id_клиента, id_кофе) VALUES (31, 36);
INSERT INTO любимые_кофе (id_клиента, id_кофе) VALUES (24, 31);
INSERT INTO любимые_кофе (id_клиента, id_кофе) VALUES (15, 20);
INSERT INTO любимые_кофе (id_клиента, id_кофе) VALUES (22, 23);
INSERT INTO любимые_кофе (id_клиента, id_кофе) VALUES (9, 21);
INSERT INTO любимые_кофе (id_клиента, id_кофе) VALUES (8, 27);
INSERT INTO любимые_кофе (id_клиента, id_кофе) VALUES (19, 19);
INSERT INTO любимые_кофе (id_клиента, id_кофе) VALUES (34, 25);
INSERT INTO любимые_кофе (id_клиента, id_кофе) VALUES (31, 39);
INSERT INTO любимые_кофе (id_клиента, id_кофе) VALUES (41, 17);
INSERT INTO любимые_кофе (id_клиента, id_кофе) VALUES (30, 33);
INSERT INTO любимые_кофе (id_клиента, id_кофе) VALUES (7, 33);
INSERT INTO любимые_кофе (id_клиента, id_кофе) VALUES (26, 16);
INSERT INTO любимые_кофе (id_клиента, id_кофе) VALUES (46, 26);
INSERT INTO любимые_кофе (id_клиента, id_кофе) VALUES (35, 42);
INSERT INTO любимые_кофе (id_клиента, id_кофе) VALUES (10, 14);
INSERT INTO любимые_кофе (id_клиента, id_кофе) VALUES (5, 24);
INSERT INTO любимые_кофе (id_клиента, id_кофе) VALUES (43, 40);
INSERT INTO любимые_кофе (id_клиента, id_кофе) VALUES (5, 40);
INSERT INTO любимые_кофе (id_клиента, id_кофе) VALUES (2, 17);
INSERT INTO любимые_кофе (id_клиента, id_кофе) VALUES (14, 40);
INSERT INTO любимые_кофе (id_клиента, id_кофе) VALUES (16, 39);
INSERT INTO любимые_кофе (id_клиента, id_кофе) VALUES (18, 36);
INSERT INTO любимые_кофе (id_клиента, id_кофе) VALUES (23, 34);
INSERT INTO любимые_кофе (id_клиента, id_кофе) VALUES (4, 17);
INSERT INTO любимые_кофе (id_клиента, id_кофе) VALUES (14, 37);
INSERT INTO любимые_кофе (id_клиента, id_кофе) VALUES (29, 36);
INSERT INTO любимые_кофе (id_клиента, id_кофе) VALUES (35, 24);
INSERT INTO любимые_кофе (id_клиента, id_кофе) VALUES (39, 19);
INSERT INTO любимые_кофе (id_клиента, id_кофе) VALUES (22, 34);
INSERT INTO любимые_кофе (id_клиента, id_кофе) VALUES (5, 34);
INSERT INTO любимые_кофе (id_клиента, id_кофе) VALUES (11, 37);
INSERT INTO любимые_кофе (id_клиента, id_кофе) VALUES (25, 31);
INSERT INTO любимые_кофе (id_клиента, id_кофе) VALUES (18, 32);
INSERT INTO любимые_кофе (id_клиента, id_кофе) VALUES (30, 37);
INSERT INTO любимые_кофе (id_клиента, id_кофе) VALUES (18, 18);
INSERT INTO любимые_кофе (id_клиента, id_кофе) VALUES (46, 28);
INSERT INTO любимые_кофе (id_клиента, id_кофе) VALUES (49, 39);
INSERT INTO любимые_кофе (id_клиента, id_кофе) VALUES (37, 40);
INSERT INTO любимые_кофе (id_клиента, id_кофе) VALUES (4, 32);
INSERT INTO любимые_кофе (id_клиента, id_кофе) VALUES (16, 33);
INSERT INTO любимые_кофе (id_клиента, id_кофе) VALUES (17, 17);
INSERT INTO любимые_кофе (id_клиента, id_кофе) VALUES (41, 33);
INSERT INTO любимые_кофе (id_клиента, id_кофе) VALUES (29, 27);
INSERT INTO любимые_кофе (id_клиента, id_кофе) VALUES (4, 25);
INSERT INTO любимые_кофе (id_клиента, id_кофе) VALUES (40, 38);
INSERT INTO любимые_кофе (id_клиента, id_кофе) VALUES (2, 39);
INSERT INTO любимые_кофе (id_клиента, id_кофе) VALUES (32, 27);
INSERT INTO любимые_кофе (id_клиента, id_кофе) VALUES (39, 30);
INSERT INTO любимые_кофе (id_клиента, id_кофе) VALUES (23, 29);
INSERT INTO любимые_кофе (id_клиента, id_кофе) VALUES (20, 19);
INSERT INTO любимые_кофе (id_клиента, id_кофе) VALUES (43, 18);
INSERT INTO любимые_кофе (id_клиента, id_кофе) VALUES (14, 27);
INSERT INTO любимые_кофе (id_клиента, id_кофе) VALUES (34, 18);
INSERT INTO любимые_кофе (id_клиента, id_кофе) VALUES (29, 26);
INSERT INTO любимые_кофе (id_клиента, id_кофе) VALUES (48, 41);
INSERT INTO любимые_кофе (id_клиента, id_кофе) VALUES (10, 17);
INSERT INTO любимые_кофе (id_клиента, id_кофе) VALUES (22, 29);
INSERT INTO любимые_кофе (id_клиента, id_кофе) VALUES (49, 22);
INSERT INTO любимые_кофе (id_клиента, id_кофе) VALUES (1, 26);
INSERT INTO любимые_кофе (id_клиента, id_кофе) VALUES (36, 37);
INSERT INTO любимые_кофе (id_клиента, id_кофе) VALUES (14, 19);
INSERT INTO любимые_кофе (id_клиента, id_кофе) VALUES (4, 31);
INSERT INTO любимые_кофе (id_клиента, id_кофе) VALUES (41, 31);
INSERT INTO любимые_кофе (id_клиента, id_кофе) VALUES (32, 26);
INSERT INTO любимые_кофе (id_клиента, id_кофе) VALUES (18, 19);
INSERT INTO любимые_кофе (id_клиента, id_кофе) VALUES (17, 18);
INSERT INTO любимые_кофе (id_клиента, id_кофе) VALUES (5, 32);
INSERT INTO любимые_кофе (id_клиента, id_кофе) VALUES (12, 16);
INSERT INTO любимые_кофе (id_клиента, id_кофе) VALUES (2, 22);
INSERT INTO любимые_кофе (id_клиента, id_кофе) VALUES (42, 35);
INSERT INTO любимые_кофе (id_клиента, id_кофе) VALUES (13, 30);
INSERT INTO любимые_кофе (id_клиента, id_кофе) VALUES (4, 35);
INSERT INTO любимые_кофе (id_клиента, id_кофе) VALUES (10, 40);
INSERT INTO любимые_кофе (id_клиента, id_кофе) VALUES (2, 26);
INSERT INTO любимые_кофе (id_клиента, id_кофе) VALUES (4, 28);
INSERT INTO любимые_кофе (id_клиента, id_кофе) VALUES (21, 22);
INSERT INTO любимые_кофе (id_клиента, id_кофе) VALUES (4, 27);
INSERT INTO любимые_кофе (id_клиента, id_кофе) VALUES (7, 17);
-- любимые расписания
INSERT INTO любимые_расписания (id_клиента, id_расписания) VALUES (47, 4);
INSERT INTO любимые_расписания (id_клиента, id_расписания) VALUES (44, 4);
INSERT INTO любимые_расписания (id_клиента, id_расписания) VALUES (46, 9);
INSERT INTO любимые_расписания (id_клиента, id_расписания) VALUES (3, 7);
INSERT INTO любимые_расписания (id_клиента, id_расписания) VALUES (49, 5);
INSERT INTO любимые_расписания (id_клиента, id_расписания) VALUES (41, 8);
INSERT INTO любимые_расписания (id_клиента, id_расписания) VALUES (36, 4);
INSERT INTO любимые_расписания (id_клиента, id_расписания) VALUES (22, 1);
INSERT INTO любимые_расписания (id_клиента, id_расписания) VALUES (30, 8);